Function,Algorithm,Iteration,Diversity
F1,NWOA,0,444.03459787259396
F1,NWOA,1,380.64565208349075
F1,NWOA,2,268.4311905871731
F1,NWOA,3,195.98150400021163
F1,NWOA,4,142.75482908587588
F1,NWOA,5,110.75839653114296
F1,NWOA,6,101.30919000766697
F1,NWOA,7,84.10536232472123
F1,NWOA,8,73.85143601580212
F1,NWOA,9,60.969433204751326
F1,NWOA,10,59.23835301819713
F1,NWOA,11,47.877445047428346
F1,NWOA,12,35.93439721237237
F1,NWOA,13,32.02923035611229
F1,NWOA,14,28.55051724789101
F1,NWOA,15,24.161308881839197
F1,NWOA,16,18.921432568990475
F1,NWOA,17,15.979764829231135
F1,NWOA,18,14.215468323290136
F1,NWOA,19,14.616817751224351
F1,NWOA,20,11.777334959231418
F1,NWOA,21,7.944437706635226
F1,NWOA,22,6.854677900950347
F1,NWOA,23,5.989160694123768
F1,NWOA,24,5.769571582903221
F1,NWOA,25,4.5872773811247765
F1,NWOA,26,4.5411058996801055
F1,NWOA,27,4.208017165850248
F1,NWOA,28,4.258637470516218
F1,NWOA,29,4.089352622506885
F1,NWOA,30,3.34690940354988
F1,NWOA,31,3.083633612178233
F1,NWOA,32,2.8488660825961625
F1,NWOA,33,2.5316413204575507
F1,NWOA,34,2.2477508789176044
F1,NWOA,35,1.9443135174665211
F1,NWOA,36,1.7644171204763812
F1,NWOA,37,1.37354005495404
F1,NWOA,38,1.1716872057301324
F1,NWOA,39,1.0743270037977743
F1,NWOA,40,0.8921024406390383
F1,NWOA,41,0.756910211530574
F1,NWOA,42,0.8067009434877586
F1,NWOA,43,0.7928880512610411
F1,NWOA,44,1.0422432361234484
F1,NWOA,45,1.1395106304858929
F1,NWOA,46,1.0483954278753722
F1,NWOA,47,0.7374696060989698
F1,NWOA,48,0.5412636149960883
F1,NWOA,49,0.38308363071508494
F1,NWOA,50,0.32141815681309277
F1,NWOA,51,0.253491726128368
F1,NWOA,52,0.19215274594392254
F1,NWOA,53,0.14324554118344554
F1,NWOA,54,0.12421923690704798
F1,NWOA,55,0.11192353952276837
F1,NWOA,56,0.09668287156476052
F1,NWOA,57,0.0913294821772025
F1,NWOA,58,0.07801740621358108
F1,NWOA,59,0.07298466480352261
F1,NWOA,60,0.057514898021706826
F1,NWOA,61,0.04922719593857737
F1,NWOA,62,0.04269162469936412
F1,NWOA,63,0.03543989907744231
F1,NWOA,64,0.022656361064488074
F1,NWOA,65,0.01891839828024572
F1,NWOA,66,0.012696597977765293
F1,NWOA,67,0.010528221025553024
F1,NWOA,68,0.008770994515999452
F1,NWOA,69,0.007051127999022732
F1,NWOA,70,0.006221531583117965
F1,NWOA,71,0.003309779788449625
F1,NWOA,72,0.0024905850148927962
F1,NWOA,73,0.0019019894978483387
F1,NWOA,74,0.0012955551532416645
F1,NWOA,75,0.0008527931470353004
F1,NWOA,76,0.0006946461803628773
F1,NWOA,77,0.0005511571608664153
F1,NWOA,78,0.00036120374555314406
F1,NWOA,79,0.00025404647707724735
F1,NWOA,80,0.00015079656933506916
F1,NWOA,81,0.00012184956059581725
F1,NWOA,82,8.769856456894975e-05
F1,NWOA,83,7.781885468765577e-05
F1,NWOA,84,7.045336353021512e-05
F1,NWOA,85,4.8558026304204344e-05
F1,NWOA,86,3.849147219371419e-05
F1,NWOA,87,3.060063424026457e-05
F1,NWOA,88,2.9567853809072986e-05
F1,NWOA,89,2.0105150448703956e-05
F1,NWOA,90,1.4746763281606613e-05
F1,NWOA,91,1.4294795289891858e-05
F1,NWOA,92,5.8768178399231255e-06
F1,NWOA,93,4.144715496995071e-06
F1,NWOA,94,3.879674701628567e-06
F1,NWOA,95,2.2698763816000994e-06
F1,NWOA,96,1.4349895361758142e-06
F1,NWOA,97,1.2962351859300782e-06
F1,NWOA,98,7.422357528460624e-07
F1,NWOA,99,6.042114240825482e-07
F1,NWOA,100,5.305870051760915e-07
F1,NWOA,101,3.5350985715515897e-07
F1,NWOA,102,3.13470575547492e-07
F1,NWOA,103,2.9636548598162673e-07
F1,NWOA,104,1.8084035792264538e-07
F1,NWOA,105,1.5645534855920694e-07
F1,NWOA,106,9.565266829621507e-08
F1,NWOA,107,8.041433587331895e-08
F1,NWOA,108,7.014170626759511e-08
F1,NWOA,109,6.286368007532721e-08
F1,NWOA,110,6.205083321183652e-08
F1,NWOA,111,3.455710505762498e-08
F1,NWOA,112,2.39140454440822e-08
F1,NWOA,113,1.8648096310252624e-08
F1,NWOA,114,1.2578698256537705e-08
F1,NWOA,115,1.181907271498207e-08
F1,NWOA,116,1.1310465628717957e-08
F1,NWOA,117,1.0115102964125881e-08
F1,NWOA,118,9.863261958298586e-09
F1,NWOA,119,7.467103303558365e-09
F1,NWOA,120,5.463337653893064e-09
F1,NWOA,121,4.5407043604461314e-09
F1,NWOA,122,4.318701519962219e-09
F1,NWOA,123,4.1836470361170485e-09
F1,NWOA,124,3.876178977820732e-09
F1,NWOA,125,3.3256220582214186e-09
F1,NWOA,126,2.9435323705807e-09
F1,NWOA,127,2.431800408722748e-09
F1,NWOA,128,2.153427969198172e-09
F1,NWOA,129,1.923860506777049e-09
F1,NWOA,130,1.621600520217062e-09
F1,NWOA,131,1.4567052204364443e-09
F1,NWOA,132,1.4078850302189466e-09
F1,NWOA,133,1.3580038554263903e-09
F1,NWOA,134,1.2179467279409136e-09
F1,NWOA,135,1.1002740940700704e-09
F1,NWOA,136,1.0465769139571477e-09
F1,NWOA,137,1.0392733981380788e-09
F1,NWOA,138,9.795295995717478e-10
F1,NWOA,139,9.622878715444643e-10
F1,NWOA,140,9.136201842570786e-10
F1,NWOA,141,8.644567685508838e-10
F1,NWOA,142,8.297715769993369e-10
F1,NWOA,143,8.281166439795555e-10
F1,NWOA,144,8.171640792965762e-10
F1,NWOA,145,8.124741903581982e-10
F1,NWOA,146,8.070368020157651e-10
F1,NWOA,147,8.022171245505574e-10
F1,NWOA,148,7.945308580480877e-10
F1,NWOA,149,7.885184603980389e-10
F1,NWOA,150,7.870299358418154e-10
F1,NWOA-NM,0,444.03459787259396
F1,NWOA-NM,1,351.2185186657772
F1,NWOA-NM,2,276.105231917424
F1,NWOA-NM,3,222.56123960811837
F1,NWOA-NM,4,198.54471652953688
F1,NWOA-NM,5,168.60213601626083
F1,NWOA-NM,6,147.22229338930774
F1,NWOA-NM,7,121.65513368739896
F1,NWOA-NM,8,114.36269020213138
F1,NWOA-NM,9,105.15205782037977
F1,NWOA-NM,10,100.68187068841169
F1,NWOA-NM,11,98.95634163836695
F1,NWOA-NM,12,96.76160608358427
F1,NWOA-NM,13,93.6879400696068
F1,NWOA-NM,14,91.91259635806094
F1,NWOA-NM,15,91.72266468756197
F1,NWOA-NM,16,88.81890008215603
F1,NWOA-NM,17,89.72050596052426
F1,NWOA-NM,18,90.02849871431495
F1,NWOA-NM,19,90.60401348399076
F1,NWOA-NM,20,88.41711489644767
F1,NWOA-NM,21,88.69119545591744
F1,NWOA-NM,22,88.76124527124452
F1,NWOA-NM,23,88.03067305037844
F1,NWOA-NM,24,85.3284419125466
F1,NWOA-NM,25,83.2804849557119
F1,NWOA-NM,26,83.88213279923613
F1,NWOA-NM,27,83.17743663899815
F1,NWOA-NM,28,81.28357425544057
F1,NWOA-NM,29,79.6388829506013
F1,NWOA-NM,30,75.9909349760284
F1,NWOA-NM,31,72.24260697596642
F1,NWOA-NM,32,69.08336193695965
F1,NWOA-NM,33,67.52131205038928
F1,NWOA-NM,34,67.14789971294964
F1,NWOA-NM,35,66.64576582550373
F1,NWOA-NM,36,66.42572631469335
F1,NWOA-NM,37,64.39136349406724
F1,NWOA-NM,38,62.691932610758826
F1,NWOA-NM,39,61.50757426711999
F1,NWOA-NM,40,58.95563890540946
F1,NWOA-NM,41,57.831901292594736
F1,NWOA-NM,42,56.53184249313447
F1,NWOA-NM,43,54.94316989196284
F1,NWOA-NM,44,54.2794507505274
F1,NWOA-NM,45,53.0179229572213
F1,NWOA-NM,46,51.35285037888857
F1,NWOA-NM,47,50.2451240289416
F1,NWOA-NM,48,50.53635047561962
F1,NWOA-NM,49,49.21622153200483
F1,NWOA-NM,50,48.37483316034407
F1,NWOA-NM,51,48.445120304839065
F1,NWOA-NM,52,46.9741100201608
F1,NWOA-NM,53,46.93948374572111
F1,NWOA-NM,54,47.084215415163605
F1,NWOA-NM,55,46.95911762468446
F1,NWOA-NM,56,46.7728921050456
F1,NWOA-NM,57,47.31285778757763
F1,NWOA-NM,58,47.13888102951657
F1,NWOA-NM,59,46.84359218908606
F1,NWOA-NM,60,46.44772257444792
F1,NWOA-NM,61,46.1961966746131
F1,NWOA-NM,62,45.69372824034108
F1,NWOA-NM,63,45.227028067293745
F1,NWOA-NM,64,44.98304409584666
F1,NWOA-NM,65,44.70788740744934
F1,NWOA-NM,66,44.82344745979505
F1,NWOA-NM,67,45.003095481129165
F1,NWOA-NM,68,45.08780379294056
F1,NWOA-NM,69,44.30736398323356
F1,NWOA-NM,70,43.2577019880007
F1,NWOA-NM,71,42.7032417649002
F1,NWOA-NM,72,43.07444007984353
F1,NWOA-NM,73,43.02995902276899
F1,NWOA-NM,74,43.12602724731769
F1,NWOA-NM,75,42.83958576342568
F1,NWOA-NM,76,42.546162560697596
F1,NWOA-NM,77,42.354653623034835
F1,NWOA-NM,78,42.11147436806705
F1,NWOA-NM,79,42.11070421312507
F1,NWOA-NM,80,41.83650507332768
F1,NWOA-NM,81,40.73003503659258
F1,NWOA-NM,82,39.84552628920323
F1,NWOA-NM,83,39.40786528699509
F1,NWOA-NM,84,39.3461917717801
F1,NWOA-NM,85,39.449924553673874
F1,NWOA-NM,86,39.21543572161356
F1,NWOA-NM,87,39.40418378235683
F1,NWOA-NM,88,39.315923977656695
F1,NWOA-NM,89,38.9014584764231
F1,NWOA-NM,90,38.84519549748327
F1,NWOA-NM,91,38.11549644134482
F1,NWOA-NM,92,37.92147003943624
F1,NWOA-NM,93,37.428489992367034
F1,NWOA-NM,94,37.26701717845718
F1,NWOA-NM,95,37.152090822987645
F1,NWOA-NM,96,37.30018681102781
F1,NWOA-NM,97,37.130023128518864
F1,NWOA-NM,98,36.826787290152346
F1,NWOA-NM,99,36.65440793683185
F1,NWOA-NM,100,36.55794571713183
F1,NWOA-NM,101,36.05919847501223
F1,NWOA-NM,102,35.788142975501714
F1,NWOA-NM,103,35.495332788572505
F1,NWOA-NM,104,35.351365415672795
F1,NWOA-NM,105,35.3836662769821
F1,NWOA-NM,106,35.35379000274436
F1,NWOA-NM,107,35.51578976516514
F1,NWOA-NM,108,35.36579692674843
F1,NWOA-NM,109,35.35612995537507
F1,NWOA-NM,110,35.430504218951356
F1,NWOA-NM,111,35.167835410963846
F1,NWOA-NM,112,34.713128309617694
F1,NWOA-NM,113,34.47091138120116
F1,NWOA-NM,114,34.0496950636789
F1,NWOA-NM,115,33.910927393149706
F1,NWOA-NM,116,33.881755153339824
F1,NWOA-NM,117,33.80964073670916
F1,NWOA-NM,118,34.01639158147383
F1,NWOA-NM,119,34.01487961299552
F1,NWOA-NM,120,34.03448744865267
F1,NWOA-NM,121,33.83522539360003
F1,NWOA-NM,122,33.35593869638819
F1,NWOA-NM,123,33.56644192495582
F1,NWOA-NM,124,33.404032911237806
F1,NWOA-NM,125,32.96610840500035
F1,NWOA-NM,126,32.8698364263085
F1,NWOA-NM,127,32.81278301144149
F1,NWOA-NM,128,32.86993420187996
F1,NWOA-NM,129,32.97575531160038
F1,NWOA-NM,130,32.86592581599937
F1,NWOA-NM,131,32.787863575599836
F1,NWOA-NM,132,32.670172561677695
F1,NWOA-NM,133,32.5799859730909
F1,NWOA-NM,134,32.45047969829155
F1,NWOA-NM,135,32.4564396026508
F1,NWOA-NM,136,32.440970062327985
F1,NWOA-NM,137,32.32577709839739
F1,NWOA-NM,138,32.32169902884412
F1,NWOA-NM,139,32.49178184560775
F1,NWOA-NM,140,32.54914426898323
F1,NWOA-NM,141,32.39489034002015
F1,NWOA-NM,142,32.24590429787854
F1,NWOA-NM,143,32.146137980762916
F1,NWOA-NM,144,32.16684932195237
F1,NWOA-NM,145,32.0369039131226
F1,NWOA-NM,146,31.915891862660505
F1,NWOA-NM,147,31.914797262363106
F1,NWOA-NM,148,31.943770785789845
F1,NWOA-NM,149,31.903678690237847
F1,NWOA-NM,150,31.80837087794709
F1,NWOA-HC,0,444.03459787259396
F1,NWOA-HC,1,351.2185186657772
F1,NWOA-HC,2,276.105231917424
F1,NWOA-HC,3,222.56123960811837
F1,NWOA-HC,4,198.54471652953688
F1,NWOA-HC,5,168.60213601626083
F1,NWOA-HC,6,147.22229338930774
F1,NWOA-HC,7,121.65513368739896
F1,NWOA-HC,8,114.36269020213138
F1,NWOA-HC,9,105.15205782037977
F1,NWOA-HC,10,110.18144091922784
F1,NWOA-HC,11,124.33453097857478
F1,NWOA-HC,12,119.45624851866384
F1,NWOA-HC,13,114.60002270095006
F1,NWOA-HC,14,105.45795307795738
F1,NWOA-HC,15,98.02225816296712
F1,NWOA-HC,16,90.83869098741044
F1,NWOA-HC,17,88.59794646516306
F1,NWOA-HC,18,87.76659570302013
F1,NWOA-HC,19,86.90244890264663
F1,NWOA-HC,20,87.8235141945576
F1,NWOA-HC,21,89.16650560662023
F1,NWOA-HC,22,87.5630188265063
F1,NWOA-HC,23,87.47588891688943
F1,NWOA-HC,24,86.0880566068953
F1,NWOA-HC,25,85.4265581099501
F1,NWOA-HC,26,85.10783374166343
F1,NWOA-HC,27,83.75582958040361
F1,NWOA-HC,28,83.30941850664183
F1,NWOA-HC,29,82.99371839578092
F1,NWOA-HC,30,83.5410995265112
F1,NWOA-HC,31,77.70037209021697
F1,NWOA-HC,32,75.19972734935234
F1,NWOA-HC,33,72.83418300821847
F1,NWOA-HC,34,71.49380995291827
F1,NWOA-HC,35,70.68137308163998
F1,NWOA-HC,36,70.03105119372523
F1,NWOA-HC,37,68.80323088139974
F1,NWOA-HC,38,67.62969484984008
F1,NWOA-HC,39,65.56232804822633
F1,NWOA-HC,40,64.8592511900872
F1,NWOA-HC,41,63.53629876564641
F1,NWOA-HC,42,62.74200848695621
F1,NWOA-HC,43,62.11817510845735
F1,NWOA-HC,44,59.20945702000406
F1,NWOA-HC,45,58.358742553290064
F1,NWOA-HC,46,58.06662282035866
F1,NWOA-HC,47,57.712392073465324
F1,NWOA-HC,48,57.8150938966107
F1,NWOA-HC,49,57.70486808118935
F1,NWOA-HC,50,58.13831847018425
F1,NWOA-HC,51,54.89932839343633
F1,NWOA-HC,52,53.68368519162332
F1,NWOA-HC,53,52.33477300628615
F1,NWOA-HC,54,51.752710908864756
F1,NWOA-HC,55,50.48275339480789
F1,NWOA-HC,56,49.26206144881941
F1,NWOA-HC,57,48.85169318248323
F1,NWOA-HC,58,48.029038987991676
F1,NWOA-HC,59,47.503924662828595
F1,NWOA-HC,60,47.256242956488734
F1,NWOA-HC,61,45.33236014164841
F1,NWOA-HC,62,44.48777836310519
F1,NWOA-HC,63,44.253141620241664
F1,NWOA-HC,64,43.75817085569371
F1,NWOA-HC,65,43.132508777970344
F1,NWOA-HC,66,42.18680861773335
F1,NWOA-HC,67,41.64440810130465
F1,NWOA-HC,68,41.33429117325219
F1,NWOA-HC,69,41.17868428318862
F1,NWOA-HC,70,41.1683916472713
F1,NWOA-HC,71,40.17654745724241
F1,NWOA-HC,72,39.49425146029324
F1,NWOA-HC,73,39.409654101481046
F1,NWOA-HC,74,38.961114415611505
F1,NWOA-HC,75,38.77222276036039
F1,NWOA-HC,76,38.29323413943477
F1,NWOA-HC,77,38.13086833976744
F1,NWOA-HC,78,38.00349763208189
F1,NWOA-HC,79,37.977914166120264
F1,NWOA-HC,80,37.667736956794954
F1,NWOA-HC,81,37.573355835130904
F1,NWOA-HC,82,36.65604428520635
F1,NWOA-HC,83,35.99898889265798
F1,NWOA-HC,84,35.24344521346198
F1,NWOA-HC,85,34.94253200883146
F1,NWOA-HC,86,34.80372781587444
F1,NWOA-HC,87,34.67758778545378
F1,NWOA-HC,88,34.42129290034451
F1,NWOA-HC,89,34.268840211058595
F1,NWOA-HC,90,34.04904511026886
F1,NWOA-HC,91,33.43362847776274
F1,NWOA-HC,92,32.91586540541266
F1,NWOA-HC,93,32.50277716275437
F1,NWOA-HC,94,32.14164046072331
F1,NWOA-HC,95,31.927569975146014
F1,NWOA-HC,96,31.8231426855927
F1,NWOA-HC,97,31.53887601834497
F1,NWOA-HC,98,31.53327990002167
F1,NWOA-HC,99,31.454852524026954
F1,NWOA-HC,100,31.41001476455931
F1,NWOA-HC,101,31.190527808719516
F1,NWOA-HC,102,31.12519548932488
F1,NWOA-HC,103,30.961231545362217
F1,NWOA-HC,104,30.79267382976817
F1,NWOA-HC,105,30.57587043052045
F1,NWOA-HC,106,30.472384329964182
F1,NWOA-HC,107,30.33323762363753
F1,NWOA-HC,108,30.15209565460583
F1,NWOA-HC,109,30.019557407957883
F1,NWOA-HC,110,30.036682550931328
F1,NWOA-HC,111,29.74517159561264
F1,NWOA-HC,112,28.90794704854871
F1,NWOA-HC,113,28.555459905967247
F1,NWOA-HC,114,28.464814515302045
F1,NWOA-HC,115,28.010773725752596
F1,NWOA-HC,116,27.99485028144112
F1,NWOA-HC,117,27.94660375503459
F1,NWOA-HC,118,27.757431963913668
F1,NWOA-HC,119,27.507510208347732
F1,NWOA-HC,120,27.494610959406124
F1,NWOA-HC,121,27.348052314690005
F1,NWOA-HC,122,27.30809037534852
F1,NWOA-HC,123,26.947853627339203
F1,NWOA-HC,124,26.842401859534846
F1,NWOA-HC,125,26.67148105679606
F1,NWOA-HC,126,26.648819403934795
F1,NWOA-HC,127,26.582510429550645
F1,NWOA-HC,128,26.52709548136722
F1,NWOA-HC,129,26.415834466361787
F1,NWOA-HC,130,26.39693351286678
F1,NWOA-HC,131,26.354711165631272
F1,NWOA-HC,132,26.292214345469215
F1,NWOA-HC,133,25.913454194265352
F1,NWOA-HC,134,25.744433362948627
F1,NWOA-HC,135,25.701892619724838
F1,NWOA-HC,136,25.60516901297884
F1,NWOA-HC,137,25.507833954494117
F1,NWOA-HC,138,25.449602233073353
F1,NWOA-HC,139,25.375364997640297
F1,NWOA-HC,140,25.321720462739513
F1,NWOA-HC,141,25.23422024440124
F1,NWOA-HC,142,24.96469474356355
F1,NWOA-HC,143,24.75200438333041
F1,NWOA-HC,144,24.71212419631421
F1,NWOA-HC,145,24.588332064952745
F1,NWOA-HC,146,24.571197462386458
F1,NWOA-HC,147,24.48912761932327
F1,NWOA-HC,148,24.45440739746037
F1,NWOA-HC,149,24.40264359269326
F1,NWOA-HC,150,24.40191659187421
F1,NWOA-PS,0,444.03459787259396
F1,NWOA-PS,1,351.2185186657772
F1,NWOA-PS,2,276.105231917424
F1,NWOA-PS,3,222.56123960811837
F1,NWOA-PS,4,198.54471652953688
F1,NWOA-PS,5,168.60213601626083
F1,NWOA-PS,6,147.22229338930774
F1,NWOA-PS,7,121.65513368739896
F1,NWOA-PS,8,114.36269020213138
F1,NWOA-PS,9,105.15205782037977
F1,NWOA-PS,10,109.0100613292727
F1,NWOA-PS,11,108.2301350606808
F1,NWOA-PS,12,107.88179180430784
F1,NWOA-PS,13,105.06403113295286
F1,NWOA-PS,14,98.94274182081158
F1,NWOA-PS,15,91.16355669281205
F1,NWOA-PS,16,90.60290123437221
F1,NWOA-PS,17,88.67544248085315
F1,NWOA-PS,18,85.73456840017897
F1,NWOA-PS,19,85.00714747177967
F1,NWOA-PS,20,87.3654551554673
F1,NWOA-PS,21,87.99602542229248
F1,NWOA-PS,22,87.36835464844566
F1,NWOA-PS,23,87.39775293009373
F1,NWOA-PS,24,85.58089830486472
F1,NWOA-PS,25,81.43719300508451
F1,NWOA-PS,26,79.4071108221892
F1,NWOA-PS,27,75.09002170963102
F1,NWOA-PS,28,72.95959870191783
F1,NWOA-PS,29,72.47472999897853
F1,NWOA-PS,30,71.06742084465127
F1,NWOA-PS,31,69.84336816579057
F1,NWOA-PS,32,69.29329726525063
F1,NWOA-PS,33,68.28234237729961
F1,NWOA-PS,34,67.08526938095262
F1,NWOA-PS,35,64.54798147819017
F1,NWOA-PS,36,63.88813776102737
F1,NWOA-PS,37,62.35340471371696
F1,NWOA-PS,38,61.49375943616883
F1,NWOA-PS,39,58.98786545461221
F1,NWOA-PS,40,58.979132981830375
F1,NWOA-PS,41,57.84574913716316
F1,NWOA-PS,42,56.570300397675524
F1,NWOA-PS,43,55.149633281270326
F1,NWOA-PS,44,53.685368202624296
F1,NWOA-PS,45,52.14736086197708
F1,NWOA-PS,46,51.991339912179946
F1,NWOA-PS,47,50.58357727514551
F1,NWOA-PS,48,50.14093495610989
F1,NWOA-PS,49,47.85878756243663
F1,NWOA-PS,50,47.61745377391848
F1,NWOA-PS,51,46.765075184240494
F1,NWOA-PS,52,45.83384841634413
F1,NWOA-PS,53,45.467477521347995
F1,NWOA-PS,54,45.009168350796024
F1,NWOA-PS,55,45.117940372742325
F1,NWOA-PS,56,44.46433401980174
F1,NWOA-PS,57,43.73446957366692
F1,NWOA-PS,58,43.46351933367427
F1,NWOA-PS,59,43.24196264358493
F1,NWOA-PS,60,42.54713045015897
F1,NWOA-PS,61,41.554627895779085
F1,NWOA-PS,62,41.321036184903384
F1,NWOA-PS,63,41.39912458852786
F1,NWOA-PS,64,41.08470984714263
F1,NWOA-PS,65,40.829065747829006
F1,NWOA-PS,66,40.14619391453653
F1,NWOA-PS,67,40.00692946744445
F1,NWOA-PS,68,39.003038416527936
F1,NWOA-PS,69,38.28677950511471
F1,NWOA-PS,70,38.13586266281062
F1,NWOA-PS,71,37.44517416247551
F1,NWOA-PS,72,37.10441428277888
F1,NWOA-PS,73,36.67712401048639
F1,NWOA-PS,74,35.74780952370482
F1,NWOA-PS,75,35.40660680494508
F1,NWOA-PS,76,35.24767900587848
F1,NWOA-PS,77,35.20506828114101
F1,NWOA-PS,78,35.16688853595778
F1,NWOA-PS,79,34.775758188973604
F1,NWOA-PS,80,34.52978420694636
F1,NWOA-PS,81,34.48623180166853
F1,NWOA-PS,82,34.16553386253323
F1,NWOA-PS,83,33.96276128991583
F1,NWOA-PS,84,33.93302964093327
F1,NWOA-PS,85,33.71802455980331
F1,NWOA-PS,86,32.638976962648314
F1,NWOA-PS,87,32.33445262697461
F1,NWOA-PS,88,32.278117044724404
F1,NWOA-PS,89,32.229802303894346
F1,NWOA-PS,90,31.59857594579181
F1,NWOA-PS,91,31.289184492309573
F1,NWOA-PS,92,31.13769886786463
F1,NWOA-PS,93,30.76507355801049
F1,NWOA-PS,94,30.69426212371254
F1,NWOA-PS,95,30.545745097762147
F1,NWOA-PS,96,30.426964995832577
F1,NWOA-PS,97,30.21801858982289
F1,NWOA-PS,98,30.15715114239169
F1,NWOA-PS,99,30.051907157817862
F1,NWOA-PS,100,30.122371899093633
F1,NWOA-PS,101,30.0504434102064
F1,NWOA-PS,102,29.824152504175004
F1,NWOA-PS,103,29.471802392474604
F1,NWOA-PS,104,29.354716246101695
F1,NWOA-PS,105,29.400077947578847
F1,NWOA-PS,106,29.215988436649013
F1,NWOA-PS,107,29.15610728386532
F1,NWOA-PS,108,29.170716182537983
F1,NWOA-PS,109,29.07535137332809
F1,NWOA-PS,110,29.1537196602768
F1,NWOA-PS,111,29.041251676630736
F1,NWOA-PS,112,29.038627104044018
F1,NWOA-PS,113,28.968250164149783
F1,NWOA-PS,114,28.98973985810175
F1,NWOA-PS,115,28.999555872480528
F1,NWOA-PS,116,29.00548427948821
F1,NWOA-PS,117,29.004777508410495
F1,NWOA-PS,118,28.933742771887125
F1,NWOA-PS,119,28.866773439838756
F1,NWOA-PS,120,28.713342487019965
F1,NWOA-PS,121,28.56940081462966
F1,NWOA-PS,122,28.48809330341526
F1,NWOA-PS,123,28.44016301461827
F1,NWOA-PS,124,28.36504712290631
F1,NWOA-PS,125,28.221761232532934
F1,NWOA-PS,126,28.120231978982353
F1,NWOA-PS,127,28.12957045313302
F1,NWOA-PS,128,27.862972304785593
F1,NWOA-PS,129,27.876793859547725
F1,NWOA-PS,130,27.787320151966746
F1,NWOA-PS,131,27.793619719501912
F1,NWOA-PS,132,27.78135124688337
F1,NWOA-PS,133,27.735454085529945
F1,NWOA-PS,134,27.72995083997288
F1,NWOA-PS,135,27.62759875690913
F1,NWOA-PS,136,27.700941389671936
F1,NWOA-PS,137,27.592896687915566
F1,NWOA-PS,138,27.741731726085867
F1,NWOA-PS,139,27.852398728306376
F1,NWOA-PS,140,27.81270506731306
F1,NWOA-PS,141,27.830202340746904
F1,NWOA-PS,142,27.784218281518328
F1,NWOA-PS,143,27.765239145428335
F1,NWOA-PS,144,27.66528477501911
F1,NWOA-PS,145,27.534110103556213
F1,NWOA-PS,146,27.54083329712977
F1,NWOA-PS,147,27.516690682809706
F1,NWOA-PS,148,27.411527847424388
F1,NWOA-PS,149,27.223525278415003
F1,NWOA-PS,150,27.113946888998385
F1,NWOA-SA,0,444.03459787259396
F1,NWOA-SA,1,351.2185186657772
F1,NWOA-SA,2,276.105231917424
F1,NWOA-SA,3,222.56123960811837
F1,NWOA-SA,4,198.54471652953688
F1,NWOA-SA,5,168.60213601626083
F1,NWOA-SA,6,147.22229338930774
F1,NWOA-SA,7,121.65513368739896
F1,NWOA-SA,8,114.36269020213138
F1,NWOA-SA,9,105.15205782037977
F1,NWOA-SA,10,115.62458035895206
F1,NWOA-SA,11,124.32221599186599
F1,NWOA-SA,12,125.35520234598089
F1,NWOA-SA,13,120.87588550834059
F1,NWOA-SA,14,111.91717475065573
F1,NWOA-SA,15,108.90546144821755
F1,NWOA-SA,16,102.23987497679823
F1,NWOA-SA,17,95.70475557238656
F1,NWOA-SA,18,90.42659100294745
F1,NWOA-SA,19,90.19584085567695
F1,NWOA-SA,20,92.23416554377305
F1,NWOA-SA,21,92.48637073273349
F1,NWOA-SA,22,90.91825313042531
F1,NWOA-SA,23,86.36580699487654
F1,NWOA-SA,24,83.7273703726978
F1,NWOA-SA,25,81.91498193944408
F1,NWOA-SA,26,80.78054788247721
F1,NWOA-SA,27,79.10518831506315
F1,NWOA-SA,28,78.95299737464237
F1,NWOA-SA,29,76.91242435462088
F1,NWOA-SA,30,74.24438094745169
F1,NWOA-SA,31,72.31709222014024
F1,NWOA-SA,32,68.78790763752572
F1,NWOA-SA,33,66.52756771579311
F1,NWOA-SA,34,64.3287719397618
F1,NWOA-SA,35,63.97159701224187
F1,NWOA-SA,36,62.912358903110245
F1,NWOA-SA,37,61.45542607624511
F1,NWOA-SA,38,60.63775845338084
F1,NWOA-SA,39,58.16424805288036
F1,NWOA-SA,40,58.29146715880795
F1,NWOA-SA,41,56.15430432682317
F1,NWOA-SA,42,55.23545463493605
F1,NWOA-SA,43,53.7494981849555
F1,NWOA-SA,44,53.54292228931742
F1,NWOA-SA,45,52.68322637347806
F1,NWOA-SA,46,52.96236435307411
F1,NWOA-SA,47,53.11521978480157
F1,NWOA-SA,48,52.52689337978006
F1,NWOA-SA,49,52.31660233086971
F1,NWOA-SA,50,52.25521906756469
F1,NWOA-SA,51,51.526277062452266
F1,NWOA-SA,52,50.034477711146145
F1,NWOA-SA,53,49.31396610749907
F1,NWOA-SA,54,49.00951235758554
F1,NWOA-SA,55,48.223294836746
F1,NWOA-SA,56,47.41749096599089
F1,NWOA-SA,57,46.51493811721234
F1,NWOA-SA,58,46.084286581511776
F1,NWOA-SA,59,45.445466110369566
F1,NWOA-SA,60,45.004649435441635
F1,NWOA-SA,61,45.007340952181075
F1,NWOA-SA,62,44.440277846999095
F1,NWOA-SA,63,43.99578920987924
F1,NWOA-SA,64,43.66338392315177
F1,NWOA-SA,65,43.19562624969387
F1,NWOA-SA,66,42.527900237726456
F1,NWOA-SA,67,42.180200503421446
F1,NWOA-SA,68,42.294095319212225
F1,NWOA-SA,69,41.480982432283994
F1,NWOA-SA,70,41.55142046141259
F1,NWOA-SA,71,41.44951844223529
F1,NWOA-SA,72,41.32227840719255
F1,NWOA-SA,73,40.64290883326819
F1,NWOA-SA,74,40.209347835681015
F1,NWOA-SA,75,39.96789932315203
F1,NWOA-SA,76,39.658374591146185
F1,NWOA-SA,77,39.60997382411284
F1,NWOA-SA,78,39.04958902361342
F1,NWOA-SA,79,38.72350116408498
F1,NWOA-SA,80,38.71219606765385
F1,NWOA-SA,81,38.60831996846902
F1,NWOA-SA,82,38.552017373964375
F1,NWOA-SA,83,38.64285759511869
F1,NWOA-SA,84,38.53591392965219
F1,NWOA-SA,85,38.76198011919102
F1,NWOA-SA,86,38.39893729855539
F1,NWOA-SA,87,38.388859151058824
F1,NWOA-SA,88,38.263600131478604
F1,NWOA-SA,89,37.79327881711934
F1,NWOA-SA,90,37.58706790872622
F1,NWOA-SA,91,37.55980783858688
F1,NWOA-SA,92,37.373916618196816
F1,NWOA-SA,93,37.458896274627364
F1,NWOA-SA,94,37.370968505130335
F1,NWOA-SA,95,37.284424013046646
F1,NWOA-SA,96,37.28395004963187
F1,NWOA-SA,97,37.25275432739985
F1,NWOA-SA,98,37.2197125972191
F1,NWOA-SA,99,37.312431626944885
F1,NWOA-SA,100,37.19155854876708
F1,NWOA-SA,101,36.62195857836021
F1,NWOA-SA,102,36.12127961184738
F1,NWOA-SA,103,36.216157215783404
F1,NWOA-SA,104,35.98009739976612
F1,NWOA-SA,105,36.06732802867815
F1,NWOA-SA,106,35.64541601591186
F1,NWOA-SA,107,35.59868846831409
F1,NWOA-SA,108,35.504721769150294
F1,NWOA-SA,109,35.22026486460165
F1,NWOA-SA,110,35.22972002816561
F1,NWOA-SA,111,35.198957536878446
F1,NWOA-SA,112,35.266587041499136
F1,NWOA-SA,113,35.16711123723892
F1,NWOA-SA,114,35.17504420272837
F1,NWOA-SA,115,34.66105989861503
F1,NWOA-SA,116,34.647889588085675
F1,NWOA-SA,117,34.408438312056795
F1,NWOA-SA,118,33.99656225150737
F1,NWOA-SA,119,33.95138406013105
F1,NWOA-SA,120,34.02498381139428
F1,NWOA-SA,121,33.71317271443238
F1,NWOA-SA,122,33.31728628601119
F1,NWOA-SA,123,33.35305597390145
F1,NWOA-SA,124,33.25650776615813
F1,NWOA-SA,125,33.0521054192782
F1,NWOA-SA,126,32.59747973051662
F1,NWOA-SA,127,32.64961988675875
F1,NWOA-SA,128,32.61919300782173
F1,NWOA-SA,129,32.4111306099165
F1,NWOA-SA,130,32.23540403156559
F1,NWOA-SA,131,32.3969136550272
F1,NWOA-SA,132,32.31392020840563
F1,NWOA-SA,133,32.470998597853324
F1,NWOA-SA,134,32.47883865153456
F1,NWOA-SA,135,32.41487935450005
F1,NWOA-SA,136,32.36605517181837
F1,NWOA-SA,137,32.171525168643385
F1,NWOA-SA,138,32.223790898992036
F1,NWOA-SA,139,32.25239637204436
F1,NWOA-SA,140,32.134007979447375
F1,NWOA-SA,141,32.142049296840796
F1,NWOA-SA,142,32.14696897229852
F1,NWOA-SA,143,32.13223620136046
F1,NWOA-SA,144,32.126666094848055
F1,NWOA-SA,145,32.042914780340595
F1,NWOA-SA,146,32.01091304829383
F1,NWOA-SA,147,31.897852577647313
F1,NWOA-SA,148,31.851808298521462
F1,NWOA-SA,149,31.495989303547457
F1,NWOA-SA,150,31.321950415249255
F4,NWOA,0,447.47326027696647
F4,NWOA,1,350.7719527811211
F4,NWOA,2,253.10871331123877
F4,NWOA,3,185.49621442107224
F4,NWOA,4,136.56719903365473
F4,NWOA,5,114.83631792232768
F4,NWOA,6,90.27074451942654
F4,NWOA,7,70.0409571986351
F4,NWOA,8,57.80035472479879
F4,NWOA,9,50.86144435914651
F4,NWOA,10,40.38716544167208
F4,NWOA,11,33.15233398544917
F4,NWOA,12,30.946313828801795
F4,NWOA,13,24.555871708232292
F4,NWOA,14,24.861108899841003
F4,NWOA,15,21.601402243284536
F4,NWOA,16,17.246671504302473
F4,NWOA,17,13.745616152873989
F4,NWOA,18,10.625514784916023
F4,NWOA,19,8.788742594041635
F4,NWOA,20,6.604273184485311
F4,NWOA,21,5.13958392381647
F4,NWOA,22,4.394069306750448
F4,NWOA,23,3.4931550805571105
F4,NWOA,24,2.8840592691879907
F4,NWOA,25,2.620569708515104
F4,NWOA,26,1.773482948616411
F4,NWOA,27,1.7130807214846826
F4,NWOA,28,2.486426801568351
F4,NWOA,29,7.23837382669484
F4,NWOA,30,7.906981932754398
F4,NWOA,31,6.037014865074611
F4,NWOA,32,4.009237096708807
F4,NWOA,33,3.010978589947233
F4,NWOA,34,2.0955777606289017
F4,NWOA,35,1.2749399310063763
F4,NWOA,36,1.0777370016867829
F4,NWOA,37,0.9828727027239934
F4,NWOA,38,0.8455938660022222
F4,NWOA,39,0.8183814984630585
F4,NWOA,40,0.7307148464668642
F4,NWOA,41,0.6168975642583725
F4,NWOA,42,0.5837116558452411
F4,NWOA,43,0.508472038599992
F4,NWOA,44,0.4835537757767526
F4,NWOA,45,0.317726148365861
F4,NWOA,46,0.2470084231372483
F4,NWOA,47,0.2501126349348721
F4,NWOA,48,0.24034437436926365
F4,NWOA,49,0.23912357198041315
F4,NWOA,50,0.1216624882097721
F4,NWOA,51,0.10858374054457347
F4,NWOA,52,0.08918494572591937
F4,NWOA,53,0.024764013487710766
F4,NWOA,54,0.022930761403440303
F4,NWOA,55,0.02155103314510198
F4,NWOA,56,0.020892896210078202
F4,NWOA,57,0.01924623669923125
F4,NWOA,58,0.017063524678693053
F4,NWOA,59,0.01383531217708884
F4,NWOA,60,0.011478402754131204
F4,NWOA,61,0.009812698906923161
F4,NWOA,62,0.010722917871545248
F4,NWOA,63,0.010211816299943464
F4,NWOA,64,0.008105864138409757
F4,NWOA,65,0.005797994583265294
F4,NWOA,66,0.005030031685506102
F4,NWOA,67,0.004533265682307033
F4,NWOA,68,0.0029646937353248913
F4,NWOA,69,0.002078485688829692
F4,NWOA,70,0.0014690977676254887
F4,NWOA,71,0.001191464771168362
F4,NWOA,72,0.0006068472876123662
F4,NWOA,73,0.000399914140446649
F4,NWOA,74,0.0002367876235910867
F4,NWOA,75,0.00017721054621157664
F4,NWOA,76,0.00013578392313028743
F4,NWOA,77,9.593907222278091e-05
F4,NWOA,78,6.874449833168289e-05
F4,NWOA,79,5.0921712845802436e-05
F4,NWOA,80,4.240687543215968e-05
F4,NWOA,81,3.722513298430152e-05
F4,NWOA,82,2.869754836441774e-05
F4,NWOA,83,1.782540086485681e-05
F4,NWOA,84,1.078024074450674e-05
F4,NWOA,85,6.900238519737276e-06
F4,NWOA,86,5.961845240088475e-06
F4,NWOA,87,5.227202862917125e-06
F4,NWOA,88,3.867522055644497e-06
F4,NWOA,89,2.4004209827413033e-06
F4,NWOA,90,2.297206040370291e-06
F4,NWOA,91,2.1114895335022152e-06
F4,NWOA,92,1.6095970846779421e-06
F4,NWOA,93,9.513548540523297e-07
F4,NWOA,94,8.873697404625495e-07
F4,NWOA,95,3.922108818765543e-07
F4,NWOA,96,3.322862470732683e-07
F4,NWOA,97,1.9503334723487624e-07
F4,NWOA,98,1.5757786429899217e-07
F4,NWOA,99,1.2412882061132832e-07
F4,NWOA,100,9.583087304995514e-08
F4,NWOA,101,5.835738472183051e-08
F4,NWOA,102,4.571470699172357e-08
F4,NWOA,103,3.19286084804649e-08
F4,NWOA,104,2.3546891867916836e-08
F4,NWOA,105,1.9333365547500093e-08
F4,NWOA,106,1.7033286420902033e-08
F4,NWOA,107,1.3453786035507714e-08
F4,NWOA,108,1.180662748212837e-08
F4,NWOA,109,1.0244168077689185e-08
F4,NWOA,110,7.206534762875209e-09
F4,NWOA,111,5.319945334731312e-09
F4,NWOA,112,4.064845286842607e-09
F4,NWOA,113,3.1310917413957354e-09
F4,NWOA,114,2.56960819008811e-09
F4,NWOA,115,2.1377237698541594e-09
F4,NWOA,116,1.8037336629730144e-09
F4,NWOA,117,1.5880358317454202e-09
F4,NWOA,118,1.345903235091666e-09
F4,NWOA,119,1.2522387791618065e-09
F4,NWOA,120,1.1884662756582767e-09
F4,NWOA,121,1.1392749385156269e-09
F4,NWOA,122,1.0203172214654984e-09
F4,NWOA,123,8.980272804469529e-10
F4,NWOA,124,8.145771944882675e-10
F4,NWOA,125,7.384846468896409e-10
F4,NWOA,126,7.30401430954554e-10
F4,NWOA,127,7.229620691509981e-10
F4,NWOA,128,6.545414967461376e-10
F4,NWOA,129,5.96871112482629e-10
F4,NWOA,130,5.773157767737937e-10
F4,NWOA,131,5.584496573103255e-10
F4,NWOA,132,5.35790383733872e-10
F4,NWOA,133,5.300688150032565e-10
F4,NWOA,134,5.237576166654782e-10
F4,NWOA,135,5.198928935540597e-10
F4,NWOA,136,5.169344984995512e-10
F4,NWOA,137,5.16285755742895e-10
F4,NWOA,138,5.136096347484843e-10
F4,NWOA,139,5.09108279236195e-10
F4,NWOA,140,5.068486257924546e-10
F4,NWOA,141,5.048884399340838e-10
F4,NWOA,142,5.029455850696725e-10
F4,NWOA,143,4.946947662868459e-10
F4,NWOA,144,4.945468994054501e-10
F4,NWOA,145,4.932695597644762e-10
F4,NWOA,146,4.923661095487283e-10
F4,NWOA,147,4.922332145049823e-10
F4,NWOA,148,4.915003673947955e-10
F4,NWOA,149,4.91420872369976e-10
F4,NWOA,150,4.912830346362157e-10
F4,NWOA-NM,0,447.47326027696647
F4,NWOA-NM,1,339.851702067177
F4,NWOA-NM,2,264.5269985028151
F4,NWOA-NM,3,222.2351276383019
F4,NWOA-NM,4,205.19392289987954
F4,NWOA-NM,5,189.71809469270954
F4,NWOA-NM,6,170.3047308036338
F4,NWOA-NM,7,150.29052797794594
F4,NWOA-NM,8,130.63999341133663
F4,NWOA-NM,9,116.1773571190641
F4,NWOA-NM,10,108.77955655123587
F4,NWOA-NM,11,104.81437789296338
F4,NWOA-NM,12,105.62864349219521
F4,NWOA-NM,13,104.68468405050017
F4,NWOA-NM,14,98.83614387333934
F4,NWOA-NM,15,94.66938109063126
F4,NWOA-NM,16,91.44267255093375
F4,NWOA-NM,17,88.49872850720497
F4,NWOA-NM,18,86.74530403101066
F4,NWOA-NM,19,86.32312611664133
F4,NWOA-NM,20,80.06840112575831
F4,NWOA-NM,21,78.2883766744005
F4,NWOA-NM,22,78.91948852329362
F4,NWOA-NM,23,76.51019741214999
F4,NWOA-NM,24,76.93199703578719
F4,NWOA-NM,25,74.33224926555478
F4,NWOA-NM,26,71.38999701474444
F4,NWOA-NM,27,70.49770122307827
F4,NWOA-NM,28,71.74024901808366
F4,NWOA-NM,29,69.78083038417074
F4,NWOA-NM,30,67.82377846204608
F4,NWOA-NM,31,66.19757883678724
F4,NWOA-NM,32,65.59974257803097
F4,NWOA-NM,33,65.25527545345541
F4,NWOA-NM,34,65.87520575223768
F4,NWOA-NM,35,65.10618767796355
F4,NWOA-NM,36,63.39459615025447
F4,NWOA-NM,37,63.2175981715784
F4,NWOA-NM,38,61.98594771745873
F4,NWOA-NM,39,61.576869258579904
F4,NWOA-NM,40,61.374581507911785
F4,NWOA-NM,41,60.62317149378049
F4,NWOA-NM,42,59.342751552139966
F4,NWOA-NM,43,58.98946617577934
F4,NWOA-NM,44,59.27850573526896
F4,NWOA-NM,45,58.34717825442851
F4,NWOA-NM,46,57.927102819567665
F4,NWOA-NM,47,57.01819287264677
F4,NWOA-NM,48,55.79957688473877
F4,NWOA-NM,49,55.40333296507713
F4,NWOA-NM,50,53.96282005528366
F4,NWOA-NM,51,52.77520697064034
F4,NWOA-NM,52,52.30305323930488
F4,NWOA-NM,53,51.74368226021436
F4,NWOA-NM,54,50.665886534816046
F4,NWOA-NM,55,51.1005041750913
F4,NWOA-NM,56,51.38962023246118
F4,NWOA-NM,57,51.01830267114206
F4,NWOA-NM,58,50.27816401803843
F4,NWOA-NM,59,49.72273059728887
F4,NWOA-NM,60,48.59054328334024
F4,NWOA-NM,61,47.67962333980381
F4,NWOA-NM,62,47.4689298279571
F4,NWOA-NM,63,47.02544745940683
F4,NWOA-NM,64,46.96556448998806
F4,NWOA-NM,65,46.91491860370934
F4,NWOA-NM,66,46.37445338743974
F4,NWOA-NM,67,46.30765818387904
F4,NWOA-NM,68,45.93178257071575
F4,NWOA-NM,69,45.76969986455833
F4,NWOA-NM,70,45.95993861581489
F4,NWOA-NM,71,45.778903562358174
F4,NWOA-NM,72,45.058922700901576
F4,NWOA-NM,73,44.55767989930206
F4,NWOA-NM,74,43.893223203016575
F4,NWOA-NM,75,43.7619181568938
F4,NWOA-NM,76,42.75568442059438
F4,NWOA-NM,77,42.536408511500106
F4,NWOA-NM,78,42.50519605552929
F4,NWOA-NM,79,42.60872665282467
F4,NWOA-NM,80,41.935333647450676
F4,NWOA-NM,81,41.36645765236331
F4,NWOA-NM,82,41.378337673846666
F4,NWOA-NM,83,41.48398519785654
F4,NWOA-NM,84,41.032506813952004
F4,NWOA-NM,85,40.895616149071415
F4,NWOA-NM,86,40.71690645309881
F4,NWOA-NM,87,40.51801514607603
F4,NWOA-NM,88,39.88969739690164
F4,NWOA-NM,89,39.7640297200045
F4,NWOA-NM,90,39.002878375718964
F4,NWOA-NM,91,38.56944645370347
F4,NWOA-NM,92,37.97469997260798
F4,NWOA-NM,93,38.128486507203604
F4,NWOA-NM,94,37.91827244883936
F4,NWOA-NM,95,37.71686802974155
F4,NWOA-NM,96,37.633341326090395
F4,NWOA-NM,97,37.29336992831598
F4,NWOA-NM,98,36.836300101621845
F4,NWOA-NM,99,36.58952876415035
F4,NWOA-NM,100,36.610730694353265
F4,NWOA-NM,101,36.422156141202166
F4,NWOA-NM,102,36.52181732361534
F4,NWOA-NM,103,36.486878439361604
F4,NWOA-NM,104,36.43584537927998
F4,NWOA-NM,105,36.430944233810045
F4,NWOA-NM,106,36.16862095374981
F4,NWOA-NM,107,36.25396323857762
F4,NWOA-NM,108,36.131014328757466
F4,NWOA-NM,109,35.7280347304238
F4,NWOA-NM,110,35.51151776325237
F4,NWOA-NM,111,34.60650171021056
F4,NWOA-NM,112,34.615015500025194
F4,NWOA-NM,113,34.60137320912732
F4,NWOA-NM,114,34.442640553448754
F4,NWOA-NM,115,34.53997801699293
F4,NWOA-NM,116,34.57745192696581
F4,NWOA-NM,117,34.381467418329365
F4,NWOA-NM,118,34.359091603039076
F4,NWOA-NM,119,34.17091096434844
F4,NWOA-NM,120,34.195716436879515
F4,NWOA-NM,121,34.16901790847041
F4,NWOA-NM,122,34.248777212111456
F4,NWOA-NM,123,34.30133065041403
F4,NWOA-NM,124,34.24985983251376
F4,NWOA-NM,125,33.7709242645089
F4,NWOA-NM,126,33.61314233889969
F4,NWOA-NM,127,33.69079238547708
F4,NWOA-NM,128,33.64813415267972
F4,NWOA-NM,129,33.735341185880536
F4,NWOA-NM,130,33.76171480884014
F4,NWOA-NM,131,33.703045435276486
F4,NWOA-NM,132,33.54855463030172
F4,NWOA-NM,133,33.33735385209486
F4,NWOA-NM,134,32.956420071203105
F4,NWOA-NM,135,33.015462400392586
F4,NWOA-NM,136,33.02280793486784
F4,NWOA-NM,137,32.888896923802186
F4,NWOA-NM,138,32.779576656043695
F4,NWOA-NM,139,32.8082287094712
F4,NWOA-NM,140,32.83589755744519
F4,NWOA-NM,141,32.5343004098499
F4,NWOA-NM,142,32.39439169605505
F4,NWOA-NM,143,32.39695935545693
F4,NWOA-NM,144,32.34535021973467
F4,NWOA-NM,145,32.39266260020811
F4,NWOA-NM,146,32.28582117034899
F4,NWOA-NM,147,32.371339123960226
F4,NWOA-NM,148,32.251690797145955
F4,NWOA-NM,149,32.274971895217085
F4,NWOA-NM,150,32.171736023188075
F4,NWOA-HC,0,447.47326027696647
F4,NWOA-HC,1,339.851702067177
F4,NWOA-HC,2,264.5269985028151
F4,NWOA-HC,3,222.2351276383019
F4,NWOA-HC,4,205.19392289987954
F4,NWOA-HC,5,189.71809469270954
F4,NWOA-HC,6,170.3047308036338
F4,NWOA-HC,7,150.29052797794594
F4,NWOA-HC,8,130.63999341133663
F4,NWOA-HC,9,116.1773571190641
F4,NWOA-HC,10,115.89127066413076
F4,NWOA-HC,11,123.97610684352803
F4,NWOA-HC,12,122.82452098357791
F4,NWOA-HC,13,110.98948135189694
F4,NWOA-HC,14,105.726966479414
F4,NWOA-HC,15,102.4040052666226
F4,NWOA-HC,16,100.02152519412672
F4,NWOA-HC,17,94.06398947726683
F4,NWOA-HC,18,90.36950159786336
F4,NWOA-HC,19,87.35891364370511
F4,NWOA-HC,20,85.05787184433274
F4,NWOA-HC,21,87.57250797276372
F4,NWOA-HC,22,86.88724156077424
F4,NWOA-HC,23,85.71975279879283
F4,NWOA-HC,24,83.48345890747626
F4,NWOA-HC,25,82.71203314142511
F4,NWOA-HC,26,81.94121906361492
F4,NWOA-HC,27,78.76437986869323
F4,NWOA-HC,28,75.66554913448
F4,NWOA-HC,29,72.82362733148643
F4,NWOA-HC,30,73.66730551263788
F4,NWOA-HC,31,72.4736873992266
F4,NWOA-HC,32,70.61488082159732
F4,NWOA-HC,33,69.52375632588719
F4,NWOA-HC,34,67.82959424309384
F4,NWOA-HC,35,66.00033695134923
F4,NWOA-HC,36,64.67008181933338
F4,NWOA-HC,37,63.677277597504386
F4,NWOA-HC,38,61.31685212115963
F4,NWOA-HC,39,60.308346864056645
F4,NWOA-HC,40,59.97641740646363
F4,NWOA-HC,41,58.53274153495465
F4,NWOA-HC,42,57.18373118228804
F4,NWOA-HC,43,56.0007468863196
F4,NWOA-HC,44,55.594628825511265
F4,NWOA-HC,45,54.50193437909356
F4,NWOA-HC,46,53.12774372827617
F4,NWOA-HC,47,52.74359306376001
F4,NWOA-HC,48,52.511181907044566
F4,NWOA-HC,49,51.752515821190926
F4,NWOA-HC,50,51.29051449389616
F4,NWOA-HC,51,50.81036028613682
F4,NWOA-HC,52,50.4989926799372
F4,NWOA-HC,53,49.402777613439
F4,NWOA-HC,54,48.74200261101862
F4,NWOA-HC,55,48.3342983975856
F4,NWOA-HC,56,47.56633666058544
F4,NWOA-HC,57,46.71611586324966
F4,NWOA-HC,58,46.05835388653228
F4,NWOA-HC,59,45.844101642799146
F4,NWOA-HC,60,45.965759917990134
F4,NWOA-HC,61,45.17319280747848
F4,NWOA-HC,62,44.264334982519465
F4,NWOA-HC,63,43.5780597429914
F4,NWOA-HC,64,42.627518941986594
F4,NWOA-HC,65,41.91205424827626
F4,NWOA-HC,66,41.59127093361742
F4,NWOA-HC,67,41.01700783344819
F4,NWOA-HC,68,40.87340829320767
F4,NWOA-HC,69,40.511829847817765
F4,NWOA-HC,70,40.197698772624776
F4,NWOA-HC,71,39.823807182345014
F4,NWOA-HC,72,39.48523978104944
F4,NWOA-HC,73,39.31049335130304
F4,NWOA-HC,74,39.05100117645722
F4,NWOA-HC,75,38.552597121801455
F4,NWOA-HC,76,38.44764029299542
F4,NWOA-HC,77,38.22734976147624
F4,NWOA-HC,78,38.00576408005479
F4,NWOA-HC,79,37.71249606446027
F4,NWOA-HC,80,37.79346420382568
F4,NWOA-HC,81,37.761651178631745
F4,NWOA-HC,82,36.93517658638505
F4,NWOA-HC,83,36.803049463672295
F4,NWOA-HC,84,36.751429881567134
F4,NWOA-HC,85,36.49706647739488
F4,NWOA-HC,86,35.8623224986293
F4,NWOA-HC,87,35.49133332881235
F4,NWOA-HC,88,35.451394065343315
F4,NWOA-HC,89,35.09387103392941
F4,NWOA-HC,90,34.7805014352027
F4,NWOA-HC,91,34.38131329333692
F4,NWOA-HC,92,33.92178580778112
F4,NWOA-HC,93,33.58353236085724
F4,NWOA-HC,94,33.29092219195741
F4,NWOA-HC,95,33.31285323998344
F4,NWOA-HC,96,33.257862370822394
F4,NWOA-HC,97,33.14752882307961
F4,NWOA-HC,98,33.09364836253427
F4,NWOA-HC,99,32.93121214070412
F4,NWOA-HC,100,32.87695651849608
F4,NWOA-HC,101,32.89276022187715
F4,NWOA-HC,102,32.860936655024716
F4,NWOA-HC,103,32.78914308648704
F4,NWOA-HC,104,32.66851409908321
F4,NWOA-HC,105,32.56025105895143
F4,NWOA-HC,106,32.56063305056051
F4,NWOA-HC,107,32.42322532641015
F4,NWOA-HC,108,32.393722088966534
F4,NWOA-HC,109,32.37933576415962
F4,NWOA-HC,110,32.27018836572121
F4,NWOA-HC,111,32.046133567760286
F4,NWOA-HC,112,31.948771468661455
F4,NWOA-HC,113,31.870989221916425
F4,NWOA-HC,114,31.869519000108017
F4,NWOA-HC,115,31.748274296061634
F4,NWOA-HC,116,31.638069997533687
F4,NWOA-HC,117,31.621278404073905
F4,NWOA-HC,118,31.653115481332584
F4,NWOA-HC,119,31.557409942215294
F4,NWOA-HC,120,31.506554092292276
F4,NWOA-HC,121,31.390843119207528
F4,NWOA-HC,122,31.401560330153586
F4,NWOA-HC,123,31.484613835704927
F4,NWOA-HC,124,31.407893742269106
F4,NWOA-HC,125,31.373590971180512
F4,NWOA-HC,126,31.23914023070308
F4,NWOA-HC,127,31.183047235986386
F4,NWOA-HC,128,31.137320218633157
F4,NWOA-HC,129,31.146589439481385
F4,NWOA-HC,130,31.148703462404104
F4,NWOA-HC,131,31.150054504388635
F4,NWOA-HC,132,31.14182472350738
F4,NWOA-HC,133,31.002410828039196
F4,NWOA-HC,134,30.923676391152263
F4,NWOA-HC,135,30.92049525214427
F4,NWOA-HC,136,31.000538391620296
F4,NWOA-HC,137,31.018792148199896
F4,NWOA-HC,138,31.00328014555197
F4,NWOA-HC,139,30.994439233138404
F4,NWOA-HC,140,30.995584674100495
F4,NWOA-HC,141,30.95350510059987
F4,NWOA-HC,142,30.895324856922702
F4,NWOA-HC,143,30.839298578871706
F4,NWOA-HC,144,30.830435015960227
F4,NWOA-HC,145,30.8313553104407
F4,NWOA-HC,146,30.746071053285004
F4,NWOA-HC,147,30.74061050291009
F4,NWOA-HC,148,30.737301616502215
F4,NWOA-HC,149,30.713593216793235
F4,NWOA-HC,150,30.689302593482104
F4,NWOA-PS,0,447.47326027696647
F4,NWOA-PS,1,339.851702067177
F4,NWOA-PS,2,264.5269985028151
F4,NWOA-PS,3,222.2351276383019
F4,NWOA-PS,4,205.19392289987954
F4,NWOA-PS,5,189.71809469270954
F4,NWOA-PS,6,170.3047308036338
F4,NWOA-PS,7,150.29052797794594
F4,NWOA-PS,8,130.63999341133663
F4,NWOA-PS,9,116.1773571190641
F4,NWOA-PS,10,116.76563269246708
F4,NWOA-PS,11,124.37276103993743
F4,NWOA-PS,12,124.04563635376698
F4,NWOA-PS,13,123.59849788927747
F4,NWOA-PS,14,122.26630306763664
F4,NWOA-PS,15,119.9981372938172
F4,NWOA-PS,16,117.02212729420549
F4,NWOA-PS,17,111.37035520169289
F4,NWOA-PS,18,103.23497578118265
F4,NWOA-PS,19,96.85952629351195
F4,NWOA-PS,20,98.61616435706047
F4,NWOA-PS,21,93.74097636488769
F4,NWOA-PS,22,94.61832218327984
F4,NWOA-PS,23,91.60315284924016
F4,NWOA-PS,24,90.14575785550063
F4,NWOA-PS,25,89.23476890658984
F4,NWOA-PS,26,88.60306254351991
F4,NWOA-PS,27,87.36511205497034
F4,NWOA-PS,28,86.86786848136462
F4,NWOA-PS,29,86.38357364833298
F4,NWOA-PS,30,86.92299700885296
F4,NWOA-PS,31,82.5628545122366
F4,NWOA-PS,32,79.60493622632669
F4,NWOA-PS,33,77.53813496870167
F4,NWOA-PS,34,71.73771318808426
F4,NWOA-PS,35,67.8761786287631
F4,NWOA-PS,36,64.65955159147272
F4,NWOA-PS,37,63.6978807027689
F4,NWOA-PS,38,61.77206420095855
F4,NWOA-PS,39,61.23651785552494
F4,NWOA-PS,40,58.75903907722079
F4,NWOA-PS,41,57.78376276500387
F4,NWOA-PS,42,57.04845401871214
F4,NWOA-PS,43,52.78151526362268
F4,NWOA-PS,44,51.636344110709146
F4,NWOA-PS,45,49.36777568742993
F4,NWOA-PS,46,48.75093538520584
F4,NWOA-PS,47,47.334615703220855
F4,NWOA-PS,48,46.91343457641908
F4,NWOA-PS,49,46.59768831928998
F4,NWOA-PS,50,45.73990310945239
F4,NWOA-PS,51,44.864736637235445
F4,NWOA-PS,52,44.37635538482362
F4,NWOA-PS,53,44.1149657997806
F4,NWOA-PS,54,43.531176522083435
F4,NWOA-PS,55,43.44867218949109
F4,NWOA-PS,56,43.52766430275763
F4,NWOA-PS,57,42.64028213457702
F4,NWOA-PS,58,42.41729381375763
F4,NWOA-PS,59,41.545443101651315
F4,NWOA-PS,60,41.55419523243232
F4,NWOA-PS,61,41.49151593795136
F4,NWOA-PS,62,41.55021391201636
F4,NWOA-PS,63,41.23642912212314
F4,NWOA-PS,64,41.030053136267334
F4,NWOA-PS,65,40.60450956147709
F4,NWOA-PS,66,40.335509787325215
F4,NWOA-PS,67,40.12434761021853
F4,NWOA-PS,68,39.67003994900746
F4,NWOA-PS,69,39.485852531888625
F4,NWOA-PS,70,38.41752666347
F4,NWOA-PS,71,38.079475459674775
F4,NWOA-PS,72,37.85463498202301
F4,NWOA-PS,73,37.927286639612795
F4,NWOA-PS,74,37.69424825801118
F4,NWOA-PS,75,37.26985699071399
F4,NWOA-PS,76,36.5649211360781
F4,NWOA-PS,77,36.72110671229931
F4,NWOA-PS,78,36.453927920472054
F4,NWOA-PS,79,36.36144078496062
F4,NWOA-PS,80,36.04654272220377
F4,NWOA-PS,81,36.06783994656588
F4,NWOA-PS,82,35.64109927900712
F4,NWOA-PS,83,35.386463483464034
F4,NWOA-PS,84,34.96217512623931
F4,NWOA-PS,85,34.89751237480645
F4,NWOA-PS,86,34.70307875794706
F4,NWOA-PS,87,34.62313106096442
F4,NWOA-PS,88,34.33731112511354
F4,NWOA-PS,89,33.98655489782665
F4,NWOA-PS,90,33.73288932031305
F4,NWOA-PS,91,33.53390776740111
F4,NWOA-PS,92,33.440151985315524
F4,NWOA-PS,93,33.352518765124124
F4,NWOA-PS,94,33.35217305064752
F4,NWOA-PS,95,32.945447223068534
F4,NWOA-PS,96,32.85332166002614
F4,NWOA-PS,97,32.80122959221669
F4,NWOA-PS,98,32.556168853493325
F4,NWOA-PS,99,32.27857839327932
F4,NWOA-PS,100,32.11036159764827
F4,NWOA-PS,101,31.796265225287193
F4,NWOA-PS,102,31.725263609389764
F4,NWOA-PS,103,31.687018689567584
F4,NWOA-PS,104,31.79338903006831
F4,NWOA-PS,105,31.450810456952514
F4,NWOA-PS,106,31.558307775507462
F4,NWOA-PS,107,31.64038173945936
F4,NWOA-PS,108,31.605080972498484
F4,NWOA-PS,109,31.53278726839727
F4,NWOA-PS,110,31.45762345331692
F4,NWOA-PS,111,31.239774514476817
F4,NWOA-PS,112,31.06026256691868
F4,NWOA-PS,113,30.90524920845935
F4,NWOA-PS,114,30.896758523377507
F4,NWOA-PS,115,30.934637231013888
F4,NWOA-PS,116,30.552378456997747
F4,NWOA-PS,117,30.36838966848877
F4,NWOA-PS,118,30.239466315477603
F4,NWOA-PS,119,30.20265298761176
F4,NWOA-PS,120,30.0591203601561
F4,NWOA-PS,121,29.887878678340257
F4,NWOA-PS,122,29.899697785999344
F4,NWOA-PS,123,29.88376325474211
F4,NWOA-PS,124,29.79849533416953
F4,NWOA-PS,125,29.623955399009112
F4,NWOA-PS,126,29.64119173646723
F4,NWOA-PS,127,29.63161685819844
F4,NWOA-PS,128,29.641317141346512
F4,NWOA-PS,129,29.659077789679476
F4,NWOA-PS,130,29.483132567972795
F4,NWOA-PS,131,29.483132567972795
F4,NWOA-PS,132,29.491663443455923
F4,NWOA-PS,133,29.431235338417327
F4,NWOA-PS,134,29.470425130883314
F4,NWOA-PS,135,29.47030437366444
F4,NWOA-PS,136,29.279504218994628
F4,NWOA-PS,137,29.30362138482683
F4,NWOA-PS,138,29.03449732582224
F4,NWOA-PS,139,28.888832090121735
F4,NWOA-PS,140,28.84923833652715
F4,NWOA-PS,141,28.86785335982309
F4,NWOA-PS,142,28.74468370898024
F4,NWOA-PS,143,28.631503160865428
F4,NWOA-PS,144,28.613085537126175
F4,NWOA-PS,145,28.544609924936925
F4,NWOA-PS,146,28.572841278129253
F4,NWOA-PS,147,28.550473337204174
F4,NWOA-PS,148,28.480674909497502
F4,NWOA-PS,149,28.532023697422005
F4,NWOA-PS,150,28.529302044046734
F4,NWOA-SA,0,447.47326027696647
F4,NWOA-SA,1,339.851702067177
F4,NWOA-SA,2,264.5269985028151
F4,NWOA-SA,3,222.2351276383019
F4,NWOA-SA,4,205.19392289987954
F4,NWOA-SA,5,189.71809469270954
F4,NWOA-SA,6,170.3047308036338
F4,NWOA-SA,7,150.29052797794594
F4,NWOA-SA,8,130.63999341133663
F4,NWOA-SA,9,116.1773571190641
F4,NWOA-SA,10,124.09437493793362
F4,NWOA-SA,11,135.704993917325
F4,NWOA-SA,12,129.65912000801376
F4,NWOA-SA,13,120.769268156979
F4,NWOA-SA,14,116.56772309834903
F4,NWOA-SA,15,109.39909765092287
F4,NWOA-SA,16,103.95051006914196
F4,NWOA-SA,17,95.7329386565344
F4,NWOA-SA,18,91.95597248714087
F4,NWOA-SA,19,87.6606318310744
F4,NWOA-SA,20,88.24687672716537
F4,NWOA-SA,21,87.50526814672614
F4,NWOA-SA,22,84.46874673278482
F4,NWOA-SA,23,80.93683859274559
F4,NWOA-SA,24,79.65216534078532
F4,NWOA-SA,25,75.91902641410817
F4,NWOA-SA,26,73.17631128610563
F4,NWOA-SA,27,70.33810474747922
F4,NWOA-SA,28,67.70112931153123
F4,NWOA-SA,29,65.37331164846702
F4,NWOA-SA,30,64.6155654196522
F4,NWOA-SA,31,63.32147545575005
F4,NWOA-SA,32,61.46036023872026
F4,NWOA-SA,33,60.32373591805881
F4,NWOA-SA,34,57.52547732036479
F4,NWOA-SA,35,56.075803191585315
F4,NWOA-SA,36,55.07540390855884
F4,NWOA-SA,37,53.800542180746234
F4,NWOA-SA,38,52.993236583105144
F4,NWOA-SA,39,52.32554458676576
F4,NWOA-SA,40,52.20924880720247
F4,NWOA-SA,41,50.968339082221014
F4,NWOA-SA,42,49.73794307473494
F4,NWOA-SA,43,48.31581872987995
F4,NWOA-SA,44,47.89957640598247
F4,NWOA-SA,45,47.143772356051684
F4,NWOA-SA,46,46.705170656803446
F4,NWOA-SA,47,46.89861509373368
F4,NWOA-SA,48,46.77456362136665
F4,NWOA-SA,49,45.775241765303804
F4,NWOA-SA,50,44.47176616496976
F4,NWOA-SA,51,44.245340666852755
F4,NWOA-SA,52,43.91284339521614
F4,NWOA-SA,53,43.37036334257816
F4,NWOA-SA,54,42.953130181221326
F4,NWOA-SA,55,42.44606664960814
F4,NWOA-SA,56,41.9736083325414
F4,NWOA-SA,57,41.71499910028276
F4,NWOA-SA,58,41.68063193885023
F4,NWOA-SA,59,41.48383117706779
F4,NWOA-SA,60,41.11945666593199
F4,NWOA-SA,61,40.80366001230152
F4,NWOA-SA,62,40.44248156085952
F4,NWOA-SA,63,40.20424945465226
F4,NWOA-SA,64,40.51430375078161
F4,NWOA-SA,65,40.35650357139455
F4,NWOA-SA,66,39.99938902350535
F4,NWOA-SA,67,39.709468612596034
F4,NWOA-SA,68,39.8674044628464
F4,NWOA-SA,69,39.9443621765687
F4,NWOA-SA,70,39.63082075083655
F4,NWOA-SA,71,39.58991500093115
F4,NWOA-SA,72,39.360069015011504
F4,NWOA-SA,73,38.63148364415241
F4,NWOA-SA,74,38.14621613982624
F4,NWOA-SA,75,37.43859525535272
F4,NWOA-SA,76,37.115615399908634
F4,NWOA-SA,77,36.74596064917846
F4,NWOA-SA,78,36.57361730257128
F4,NWOA-SA,79,36.3078402196626
F4,NWOA-SA,80,36.41469343073895
F4,NWOA-SA,81,36.33949054312126
F4,NWOA-SA,82,36.107735664299476
F4,NWOA-SA,83,35.64773317751658
F4,NWOA-SA,84,35.51305110302191
F4,NWOA-SA,85,35.54020561658815
F4,NWOA-SA,86,35.07985152742577
F4,NWOA-SA,87,34.571928003864464
F4,NWOA-SA,88,34.62625548007148
F4,NWOA-SA,89,34.564847929210984
F4,NWOA-SA,90,34.45436772623552
F4,NWOA-SA,91,34.274522906030015
F4,NWOA-SA,92,34.28667325626738
F4,NWOA-SA,93,33.863165967899164
F4,NWOA-SA,94,33.96418339682042
F4,NWOA-SA,95,33.96815972665564
F4,NWOA-SA,96,34.05927994635378
F4,NWOA-SA,97,34.14740467318407
F4,NWOA-SA,98,33.98934644223849
F4,NWOA-SA,99,33.823472315161425
F4,NWOA-SA,100,33.81899880778874
F4,NWOA-SA,101,33.863929861075164
F4,NWOA-SA,102,33.811963144144634
F4,NWOA-SA,103,33.67501410853254
F4,NWOA-SA,104,33.927769634248236
F4,NWOA-SA,105,33.77016066556536
F4,NWOA-SA,106,33.383373139059785
F4,NWOA-SA,107,33.356981285466915
F4,NWOA-SA,108,33.26335957372619
F4,NWOA-SA,109,33.12741977764317
F4,NWOA-SA,110,33.1191803946923
F4,NWOA-SA,111,33.03403504671607
F4,NWOA-SA,112,33.01977379912908
F4,NWOA-SA,113,32.9382561875704
F4,NWOA-SA,114,32.91927857293878
F4,NWOA-SA,115,32.79425397098076
F4,NWOA-SA,116,32.80698111740933
F4,NWOA-SA,117,32.80301638081975
F4,NWOA-SA,118,32.616418148437006
F4,NWOA-SA,119,32.611059039724395
F4,NWOA-SA,120,32.697917014707265
F4,NWOA-SA,121,32.58695161902333
F4,NWOA-SA,122,32.55138038975865
F4,NWOA-SA,123,32.48575565233934
F4,NWOA-SA,124,32.45340798419209
F4,NWOA-SA,125,32.58100082952323
F4,NWOA-SA,126,32.58461682034301
F4,NWOA-SA,127,32.6222435418123
F4,NWOA-SA,128,32.60943338609276
F4,NWOA-SA,129,32.556495242168104
F4,NWOA-SA,130,32.71603586157265
F4,NWOA-SA,131,32.70689142237533
F4,NWOA-SA,132,32.681530868138694
F4,NWOA-SA,133,32.79933139684154
F4,NWOA-SA,134,32.869146735003
F4,NWOA-SA,135,32.96775263137911
F4,NWOA-SA,136,33.01252251726785
F4,NWOA-SA,137,33.00348807026355
F4,NWOA-SA,138,32.86422903872165
F4,NWOA-SA,139,32.83456356758789
F4,NWOA-SA,140,32.863336850761975
F4,NWOA-SA,141,32.892490405858396
F4,NWOA-SA,142,32.882866281843405
F4,NWOA-SA,143,32.92051865522101
F4,NWOA-SA,144,32.80912042004312
F4,NWOA-SA,145,32.68828262638173
F4,NWOA-SA,146,32.778833280907165
F4,NWOA-SA,147,32.808238903177674
F4,NWOA-SA,148,32.7632382325564
F4,NWOA-SA,149,32.715950610629044
F4,NWOA-SA,150,32.78258880971881
F9,NWOA,0,446.8647839486324
F9,NWOA,1,362.7599900784392
F9,NWOA,2,270.35623326884127
F9,NWOA,3,207.60878106514775
F9,NWOA,4,151.78403650179916
F9,NWOA,5,119.3234566729805
F9,NWOA,6,94.57102120919635
F9,NWOA,7,66.54846319462654
F9,NWOA,8,48.7679915320236
F9,NWOA,9,43.70241722291315
F9,NWOA,10,33.69809234734398
F9,NWOA,11,30.070930359954616
F9,NWOA,12,26.80626298375956
F9,NWOA,13,21.797402211220465
F9,NWOA,14,19.105504193357
F9,NWOA,15,20.42230046667176
F9,NWOA,16,15.362609982439185
F9,NWOA,17,13.920975925282729
F9,NWOA,18,10.68958464025776
F9,NWOA,19,8.12538973663762
F9,NWOA,20,6.78249502954211
F9,NWOA,21,7.079265140678383
F9,NWOA,22,7.9519742333534795
F9,NWOA,23,6.783656885000741
F9,NWOA,24,6.242671252069218
F9,NWOA,25,4.853152054961895
F9,NWOA,26,3.6442753812509396
F9,NWOA,27,2.808913103843053
F9,NWOA,28,2.6856272949056783
F9,NWOA,29,2.3043171716832953
F9,NWOA,30,1.8739888337345463
F9,NWOA,31,1.2706460635403867
F9,NWOA,32,1.0498646135794583
F9,NWOA,33,1.1545352518931815
F9,NWOA,34,2.0240334960301363
F9,NWOA,35,1.759021142823737
F9,NWOA,36,1.5022605209515913
F9,NWOA,37,1.3226801272636948
F9,NWOA,38,1.2446694763156687
F9,NWOA,39,1.077402738640051
F9,NWOA,40,1.5205584025401238
F9,NWOA,41,1.9373960418975706
F9,NWOA,42,1.7689472754261248
F9,NWOA,43,1.260922262169851
F9,NWOA,44,1.2109401433696592
F9,NWOA,45,1.2006887838011953
F9,NWOA,46,0.7943516419504794
F9,NWOA,47,0.5405388041725342
F9,NWOA,48,0.41983250831401825
F9,NWOA,49,0.39403304427057206
F9,NWOA,50,0.30501370738239686
F9,NWOA,51,0.2478682429699687
F9,NWOA,52,0.21536723384813863
F9,NWOA,53,0.18287078561810602
F9,NWOA,54,0.1815679310476003
F9,NWOA,55,0.16073015489765713
F9,NWOA,56,0.12355783333231525
F9,NWOA,57,0.09727366982001749
F9,NWOA,58,0.06996526933750315
F9,NWOA,59,0.07920586317642694
F9,NWOA,60,0.08453587014403255
F9,NWOA,61,0.06636595872496406
F9,NWOA,62,0.060212316984281
F9,NWOA,63,0.0597640814924307
F9,NWOA,64,0.05763609421763664
F9,NWOA,65,0.055440427156778514
F9,NWOA,66,0.04469730948367521
F9,NWOA,67,0.03891951359092876
F9,NWOA,68,0.03242721889142584
F9,NWOA,69,0.02622153960919198
F9,NWOA,70,0.0184039387102223
F9,NWOA,71,0.014856408020546632
F9,NWOA,72,0.010294031991219617
F9,NWOA,73,0.009062476245495306
F9,NWOA,74,0.00754911539635713
F9,NWOA,75,0.001642934841576117
F9,NWOA,76,0.0010405658702573768
F9,NWOA,77,0.0007315092386209874
F9,NWOA,78,0.0005225468234732871
F9,NWOA,79,0.0004041481397133666
F9,NWOA,80,0.0003087395504789268
F9,NWOA,81,0.00029551215431118205
F9,NWOA,82,0.00028050455287371084
F9,NWOA,83,0.00020503674251444592
F9,NWOA,84,0.00010096540374810062
F9,NWOA,85,8.857971756921201e-05
F9,NWOA,86,8.250706657098049e-05
F9,NWOA,87,7.936744457891001e-05
F9,NWOA,88,7.805306370489628e-05
F9,NWOA,89,4.9439411373552565e-05
F9,NWOA,90,3.346737440033401e-05
F9,NWOA,91,3.2702653734211194e-05
F9,NWOA,92,2.6411414726226433e-05
F9,NWOA,93,1.1825161811562753e-05
F9,NWOA,94,6.870643579668361e-06
F9,NWOA,95,4.793916004217779e-06
F9,NWOA,96,4.379079148029698e-06
F9,NWOA,97,3.209074393420757e-06
F9,NWOA,98,1.768779138881502e-06
F9,NWOA,99,8.959198899442058e-07
F9,NWOA,100,7.810656545542013e-07
F9,NWOA,101,7.424659159483771e-07
F9,NWOA,102,3.2431005465628426e-07
F9,NWOA,103,3.0673301159856034e-07
F9,NWOA,104,2.883408376705605e-07
F9,NWOA,105,2.822673458907959e-07
F9,NWOA,106,1.877744674632226e-07
F9,NWOA,107,1.3867704796716623e-07
F9,NWOA,108,1.1479531071446748e-07
F9,NWOA,109,6.871529152005413e-08
F9,NWOA,110,6.605565975813832e-08
F9,NWOA,111,4.365922918168654e-08
F9,NWOA,112,3.387924483385554e-08
F9,NWOA,113,3.096381368652455e-08
F9,NWOA,114,2.927938136635986e-08
F9,NWOA,115,1.980793982915967e-08
F9,NWOA,116,1.7621150151658117e-08
F9,NWOA,117,1.3520909574342378e-08
F9,NWOA,118,1.2568215124660707e-08
F9,NWOA,119,1.1620304527119803e-08
F9,NWOA,120,9.733553186603432e-09
F9,NWOA,121,8.836081260800432e-09
F9,NWOA,122,8.190582664879382e-09
F9,NWOA,123,7.826163533748376e-09
F9,NWOA,124,6.048227472081859e-09
F9,NWOA,125,5.750118837297429e-09
F9,NWOA,126,5.438073381665099e-09
F9,NWOA,127,5.238592006715543e-09
F9,NWOA,128,4.301881066707383e-09
F9,NWOA,129,4.194816267755494e-09
F9,NWOA,130,3.846660457389313e-09
F9,NWOA,131,3.619064682632869e-09
F9,NWOA,132,3.591001491883327e-09
F9,NWOA,133,3.426102172115277e-09
F9,NWOA,134,3.314711439631841e-09
F9,NWOA,135,2.963661146714795e-09
F9,NWOA,136,2.836480367521056e-09
F9,NWOA,137,2.5245016992404925e-09
F9,NWOA,138,2.4508971538924388e-09
F9,NWOA,139,2.3445496762012036e-09
F9,NWOA,140,2.3389036169355145e-09
F9,NWOA,141,2.281379016996448e-09
F9,NWOA,142,2.0962996626528592e-09
F9,NWOA,143,2.0273743396145716e-09
F9,NWOA,144,1.9872848302940813e-09
F9,NWOA,145,1.903521418092097e-09
F9,NWOA,146,1.8884481593929343e-09
F9,NWOA,147,1.8291301619310632e-09
F9,NWOA,148,1.8268435665390733e-09
F9,NWOA,149,1.8222975145114287e-09
F9,NWOA,150,1.8208350936953452e-09
F9,NWOA-NM,0,446.8647839486324
F9,NWOA-NM,1,368.31880642964904
F9,NWOA-NM,2,292.24890131642417
F9,NWOA-NM,3,245.21044042241587
F9,NWOA-NM,4,183.73555154095726
F9,NWOA-NM,5,160.15995718211275
F9,NWOA-NM,6,136.9908952708726
F9,NWOA-NM,7,115.28653260494141
F9,NWOA-NM,8,106.10242804274287
F9,NWOA-NM,9,103.41303448950353
F9,NWOA-NM,10,100.62101118619276
F9,NWOA-NM,11,98.20192903072483
F9,NWOA-NM,12,93.37862045023248
F9,NWOA-NM,13,88.49640646826802
F9,NWOA-NM,14,85.46429018154532
F9,NWOA-NM,15,81.59615731605996
F9,NWOA-NM,16,82.11009050056039
F9,NWOA-NM,17,79.8860050330445
F9,NWOA-NM,18,79.17543123153477
F9,NWOA-NM,19,76.26818815880071
F9,NWOA-NM,20,75.57493646658017
F9,NWOA-NM,21,71.61449657071645
F9,NWOA-NM,22,70.29067454592015
F9,NWOA-NM,23,67.28808473346578
F9,NWOA-NM,24,65.86629510004911
F9,NWOA-NM,25,63.91391396694483
F9,NWOA-NM,26,61.35369968086034
F9,NWOA-NM,27,60.13909898179363
F9,NWOA-NM,28,59.05303281444935
F9,NWOA-NM,29,57.62950863897879
F9,NWOA-NM,30,56.228014166472825
F9,NWOA-NM,31,54.379551554334476
F9,NWOA-NM,32,53.60254440263666
F9,NWOA-NM,33,53.00857285936953
F9,NWOA-NM,34,51.983963878586266
F9,NWOA-NM,35,52.10579227879248
F9,NWOA-NM,36,51.2133155479418
F9,NWOA-NM,37,50.51983248914449
F9,NWOA-NM,38,49.89489470606512
F9,NWOA-NM,39,50.78287354908306
F9,NWOA-NM,40,48.534297509771065
F9,NWOA-NM,41,47.48547554133809
F9,NWOA-NM,42,46.99981894801182
F9,NWOA-NM,43,46.83156097099659
F9,NWOA-NM,44,46.47364254684477
F9,NWOA-NM,45,46.46242101779192
F9,NWOA-NM,46,46.5859822968932
F9,NWOA-NM,47,46.596588113735315
F9,NWOA-NM,48,46.1553039438251
F9,NWOA-NM,49,46.060185999465844
F9,NWOA-NM,50,45.55596935492787
F9,NWOA-NM,51,44.85861687434844
F9,NWOA-NM,52,44.525984448754414
F9,NWOA-NM,53,44.92898812976627
F9,NWOA-NM,54,44.318974443685036
F9,NWOA-NM,55,43.994039696686684
F9,NWOA-NM,56,43.87538200586531
F9,NWOA-NM,57,43.39026449862481
F9,NWOA-NM,58,43.6723330325208
F9,NWOA-NM,59,43.91967611848413
F9,NWOA-NM,60,43.60664256029732
F9,NWOA-NM,61,43.43232513261191
F9,NWOA-NM,62,43.56316071502615
F9,NWOA-NM,63,43.5816751067066
F9,NWOA-NM,64,43.592672052971004
F9,NWOA-NM,65,43.70040631744295
F9,NWOA-NM,66,43.42834928226849
F9,NWOA-NM,67,43.261714681332705
F9,NWOA-NM,68,42.348057515501225
F9,NWOA-NM,69,41.58622304095378
F9,NWOA-NM,70,41.10662901877035
F9,NWOA-NM,71,39.72270988249052
F9,NWOA-NM,72,39.34287677310024
F9,NWOA-NM,73,39.07930358474302
F9,NWOA-NM,74,38.93125896361406
F9,NWOA-NM,75,39.169722165780435
F9,NWOA-NM,76,38.75110942138212
F9,NWOA-NM,77,38.06440185548617
F9,NWOA-NM,78,37.977332201609826
F9,NWOA-NM,79,38.01290582024283
F9,NWOA-NM,80,37.72641882857818
F9,NWOA-NM,81,36.977669460247895
F9,NWOA-NM,82,36.71567002264298
F9,NWOA-NM,83,36.3658621533408
F9,NWOA-NM,84,36.36622950886566
F9,NWOA-NM,85,36.39670207448506
F9,NWOA-NM,86,35.87657895796055
F9,NWOA-NM,87,35.88971133841845
F9,NWOA-NM,88,35.831590364221555
F9,NWOA-NM,89,35.957410370995376
F9,NWOA-NM,90,35.6111555519138
F9,NWOA-NM,91,35.528299239800205
F9,NWOA-NM,92,35.42440313200018
F9,NWOA-NM,93,35.14608865268305
F9,NWOA-NM,94,35.296169365882925
F9,NWOA-NM,95,35.26066147180615
F9,NWOA-NM,96,35.00554309009469
F9,NWOA-NM,97,34.817426869880194
F9,NWOA-NM,98,34.80984766394605
F9,NWOA-NM,99,34.472508634578915
F9,NWOA-NM,100,34.40658737775362
F9,NWOA-NM,101,34.19705464040309
F9,NWOA-NM,102,34.12846502180698
F9,NWOA-NM,103,33.84900088766757
F9,NWOA-NM,104,33.718953345989014
F9,NWOA-NM,105,33.69354747409001
F9,NWOA-NM,106,33.55697362283088
F9,NWOA-NM,107,33.61694390821007
F9,NWOA-NM,108,33.56691406766227
F9,NWOA-NM,109,33.60630410863096
F9,NWOA-NM,110,33.680057496277485
F9,NWOA-NM,111,33.66404797670452
F9,NWOA-NM,112,33.50944907627842
F9,NWOA-NM,113,33.35071466053564
F9,NWOA-NM,114,32.95703295391301
F9,NWOA-NM,115,32.95719759673041
F9,NWOA-NM,116,32.72230931604013
F9,NWOA-NM,117,32.6031349253435
F9,NWOA-NM,118,32.28750313188535
F9,NWOA-NM,119,32.336512987525495
F9,NWOA-NM,120,32.266783894443925
F9,NWOA-NM,121,32.234548876052784
F9,NWOA-NM,122,31.950916649533315
F9,NWOA-NM,123,32.18966954463919
F9,NWOA-NM,124,32.25514394779635
F9,NWOA-NM,125,32.13054642578906
F9,NWOA-NM,126,31.9332778075427
F9,NWOA-NM,127,31.915836722315554
F9,NWOA-NM,128,31.800239475308672
F9,NWOA-NM,129,31.788449346136257
F9,NWOA-NM,130,31.627575888441907
F9,NWOA-NM,131,31.364978626430037
F9,NWOA-NM,132,31.210916053055875
F9,NWOA-NM,133,31.1454308863934
F9,NWOA-NM,134,31.042348731198338
F9,NWOA-NM,135,30.757229642621734
F9,NWOA-NM,136,30.763311063245215
F9,NWOA-NM,137,30.511795487416133
F9,NWOA-NM,138,30.59793118787517
F9,NWOA-NM,139,30.569072563368223
F9,NWOA-NM,140,30.5326505554483
F9,NWOA-NM,141,30.609212350974396
F9,NWOA-NM,142,30.395707040744792
F9,NWOA-NM,143,30.465445080069777
F9,NWOA-NM,144,30.496890641742983
F9,NWOA-NM,145,30.451808438365287
F9,NWOA-NM,146,30.442145773023878
F9,NWOA-NM,147,30.485479231763975
F9,NWOA-NM,148,30.489815766402273
F9,NWOA-NM,149,30.44889046703755
F9,NWOA-NM,150,30.286203700631837
F9,NWOA-HC,0,446.8647839486324
F9,NWOA-HC,1,368.31880642964904
F9,NWOA-HC,2,292.24890131642417
F9,NWOA-HC,3,245.21044042241587
F9,NWOA-HC,4,183.73555154095726
F9,NWOA-HC,5,160.15995718211275
F9,NWOA-HC,6,136.9908952708726
F9,NWOA-HC,7,115.28653260494141
F9,NWOA-HC,8,106.10242804274287
F9,NWOA-HC,9,103.41303448950353
F9,NWOA-HC,10,105.49185655537613
F9,NWOA-HC,11,111.09166295056886
F9,NWOA-HC,12,106.7210568090757
F9,NWOA-HC,13,104.8466842145613
F9,NWOA-HC,14,102.4108057583517
F9,NWOA-HC,15,98.34687562936251
F9,NWOA-HC,16,91.5149804578049
F9,NWOA-HC,17,87.58023162469655
F9,NWOA-HC,18,86.52557128618608
F9,NWOA-HC,19,82.65404906897557
F9,NWOA-HC,20,79.6912841663097
F9,NWOA-HC,21,77.53066730387084
F9,NWOA-HC,22,75.98226077386549
F9,NWOA-HC,23,74.94519127506564
F9,NWOA-HC,24,72.86622257436505
F9,NWOA-HC,25,71.5981099188416
F9,NWOA-HC,26,70.97151441601952
F9,NWOA-HC,27,70.00067278581461
F9,NWOA-HC,28,69.7258563739355
F9,NWOA-HC,29,67.67013074431242
F9,NWOA-HC,30,67.87916412144833
F9,NWOA-HC,31,66.1171668275287
F9,NWOA-HC,32,65.48690529953127
F9,NWOA-HC,33,64.62410540976401
F9,NWOA-HC,34,63.470912137270304
F9,NWOA-HC,35,61.115764441771304
F9,NWOA-HC,36,60.208756433565895
F9,NWOA-HC,37,59.13860137405525
F9,NWOA-HC,38,58.080224328129304
F9,NWOA-HC,39,57.72926723396165
F9,NWOA-HC,40,58.076234187709154
F9,NWOA-HC,41,56.19701497259725
F9,NWOA-HC,42,54.784600431327036
F9,NWOA-HC,43,54.45606165602285
F9,NWOA-HC,44,54.510136658323326
F9,NWOA-HC,45,53.55903895379142
F9,NWOA-HC,46,53.0327552048376
F9,NWOA-HC,47,52.76703202765508
F9,NWOA-HC,48,52.74190437422103
F9,NWOA-HC,49,52.33585066295551
F9,NWOA-HC,50,52.96730044968185
F9,NWOA-HC,51,51.761440064615236
F9,NWOA-HC,52,50.23785495470486
F9,NWOA-HC,53,49.7746872089906
F9,NWOA-HC,54,49.52149136604362
F9,NWOA-HC,55,47.44188925129271
F9,NWOA-HC,56,45.67972337361847
F9,NWOA-HC,57,45.35136090979451
F9,NWOA-HC,58,44.899673894481985
F9,NWOA-HC,59,44.96247891430325
F9,NWOA-HC,60,45.267898928640676
F9,NWOA-HC,61,44.50046223175973
F9,NWOA-HC,62,43.79702210594204
F9,NWOA-HC,63,43.53978000019197
F9,NWOA-HC,64,43.348409208440856
F9,NWOA-HC,65,43.15323012625559
F9,NWOA-HC,66,43.14531527374172
F9,NWOA-HC,67,42.606013458503085
F9,NWOA-HC,68,42.45907146606085
F9,NWOA-HC,69,42.08233355861019
F9,NWOA-HC,70,41.87946910621709
F9,NWOA-HC,71,40.618412959515226
F9,NWOA-HC,72,40.112130916905855
F9,NWOA-HC,73,39.76827257408384
F9,NWOA-HC,74,39.36354402816148
F9,NWOA-HC,75,39.08378839510977
F9,NWOA-HC,76,38.84453285403116
F9,NWOA-HC,77,38.397172275406504
F9,NWOA-HC,78,38.29192946315031
F9,NWOA-HC,79,38.254063630030444
F9,NWOA-HC,80,38.04474436223711
F9,NWOA-HC,81,37.61530451040356
F9,NWOA-HC,82,37.06762226725933
F9,NWOA-HC,83,36.62642562404288
F9,NWOA-HC,84,36.56051253230489
F9,NWOA-HC,85,36.167452137451924
F9,NWOA-HC,86,35.95941109662228
F9,NWOA-HC,87,35.74821043357686
F9,NWOA-HC,88,35.51320301193056
F9,NWOA-HC,89,35.26017640573543
F9,NWOA-HC,90,35.03976046812986
F9,NWOA-HC,91,34.32763617711489
F9,NWOA-HC,92,33.94422883139364
F9,NWOA-HC,93,33.632942740478526
F9,NWOA-HC,94,33.02824839687448
F9,NWOA-HC,95,32.7251252978311
F9,NWOA-HC,96,32.23664080425965
F9,NWOA-HC,97,32.07383835822825
F9,NWOA-HC,98,31.810021662038263
F9,NWOA-HC,99,31.35615617070352
F9,NWOA-HC,100,30.75426843144902
F9,NWOA-HC,101,30.269903122937386
F9,NWOA-HC,102,30.068534706468448
F9,NWOA-HC,103,29.80986201008009
F9,NWOA-HC,104,29.6384106671457
F9,NWOA-HC,105,29.529403367863047
F9,NWOA-HC,106,29.375004419727095
F9,NWOA-HC,107,29.30412928111668
F9,NWOA-HC,108,29.18690826514859
F9,NWOA-HC,109,29.054373804579097
F9,NWOA-HC,110,29.03536356124011
F9,NWOA-HC,111,28.612185375134867
F9,NWOA-HC,112,28.39507015240958
F9,NWOA-HC,113,27.85306278990775
F9,NWOA-HC,114,27.717419862699778
F9,NWOA-HC,115,27.599372596176256
F9,NWOA-HC,116,27.430875201026886
F9,NWOA-HC,117,27.27756013531634
F9,NWOA-HC,118,27.177591310838388
F9,NWOA-HC,119,27.14823276596467
F9,NWOA-HC,120,27.017085389009036
F9,NWOA-HC,121,26.918591332635714
F9,NWOA-HC,122,26.73279539380613
F9,NWOA-HC,123,26.61646307678326
F9,NWOA-HC,124,26.54961511732531
F9,NWOA-HC,125,26.3239332534231
F9,NWOA-HC,126,26.213124157449272
F9,NWOA-HC,127,25.95062954800209
F9,NWOA-HC,128,25.95912396260485
F9,NWOA-HC,129,25.861177774922204
F9,NWOA-HC,130,25.678856337055596
F9,NWOA-HC,131,25.420228672894954
F9,NWOA-HC,132,25.180856534835858
F9,NWOA-HC,133,25.11089005939537
F9,NWOA-HC,134,25.07394707492176
F9,NWOA-HC,135,25.088719526058604
F9,NWOA-HC,136,25.0095854905806
F9,NWOA-HC,137,24.972219748202313
F9,NWOA-HC,138,24.846862898334642
F9,NWOA-HC,139,24.71313298005401
F9,NWOA-HC,140,24.721884959203695
F9,NWOA-HC,141,24.61639551460319
F9,NWOA-HC,142,24.450299787356897
F9,NWOA-HC,143,24.363230528993856
F9,NWOA-HC,144,24.175461037021147
F9,NWOA-HC,145,24.141614374684103
F9,NWOA-HC,146,24.067617703358884
F9,NWOA-HC,147,23.872381690352015
F9,NWOA-HC,148,23.80827325588092
F9,NWOA-HC,149,23.795287065822
F9,NWOA-HC,150,23.696712592550625
F9,NWOA-PS,0,446.8647839486324
F9,NWOA-PS,1,368.31880642964904
F9,NWOA-PS,2,292.24890131642417
F9,NWOA-PS,3,245.21044042241587
F9,NWOA-PS,4,183.73555154095726
F9,NWOA-PS,5,160.15995718211275
F9,NWOA-PS,6,136.9908952708726
F9,NWOA-PS,7,115.28653260494141
F9,NWOA-PS,8,106.10242804274287
F9,NWOA-PS,9,103.41303448950353
F9,NWOA-PS,10,107.55252885551974
F9,NWOA-PS,11,109.49066248294335
F9,NWOA-PS,12,108.48565456291685
F9,NWOA-PS,13,106.68099888365325
F9,NWOA-PS,14,104.1123292195125
F9,NWOA-PS,15,97.3760319990756
F9,NWOA-PS,16,92.55037403413179
F9,NWOA-PS,17,92.06918389589391
F9,NWOA-PS,18,91.57357666699619
F9,NWOA-PS,19,89.95010746572908
F9,NWOA-PS,20,91.43860262570284
F9,NWOA-PS,21,85.15184165634697
F9,NWOA-PS,22,84.39181826004572
F9,NWOA-PS,23,82.13197004564358
F9,NWOA-PS,24,80.15601001669476
F9,NWOA-PS,25,78.13052776186608
F9,NWOA-PS,26,77.88372899133962
F9,NWOA-PS,27,75.39436943555556
F9,NWOA-PS,28,73.0795687748982
F9,NWOA-PS,29,70.54997892608215
F9,NWOA-PS,30,69.68734205195307
F9,NWOA-PS,31,65.33043029637943
F9,NWOA-PS,32,63.41860266148095
F9,NWOA-PS,33,61.84338359167394
F9,NWOA-PS,34,60.6533938446061
F9,NWOA-PS,35,59.49972125987081
F9,NWOA-PS,36,58.96668144772826
F9,NWOA-PS,37,57.167252414648694
F9,NWOA-PS,38,56.149075541843764
F9,NWOA-PS,39,55.842212897763986
F9,NWOA-PS,40,55.40891312690466
F9,NWOA-PS,41,54.91757749384542
F9,NWOA-PS,42,54.83244965359147
F9,NWOA-PS,43,54.277999940277844
F9,NWOA-PS,44,54.043760452967774
F9,NWOA-PS,45,53.61328915515297
F9,NWOA-PS,46,52.98956099222356
F9,NWOA-PS,47,52.309969084555235
F9,NWOA-PS,48,51.98687658370827
F9,NWOA-PS,49,51.60351986616431
F9,NWOA-PS,50,51.547641227029715
F9,NWOA-PS,51,50.23838643808067
F9,NWOA-PS,52,50.03197348238545
F9,NWOA-PS,53,49.99980030247118
F9,NWOA-PS,54,49.91576641696593
F9,NWOA-PS,55,49.67525453834014
F9,NWOA-PS,56,49.625510941628235
F9,NWOA-PS,57,49.527907469910005
F9,NWOA-PS,58,49.48842508294858
F9,NWOA-PS,59,49.259820596126296
F9,NWOA-PS,60,49.14248532094442
F9,NWOA-PS,61,48.79094370585899
F9,NWOA-PS,62,48.156674487663764
F9,NWOA-PS,63,48.06606731333524
F9,NWOA-PS,64,48.011031823620634
F9,NWOA-PS,65,47.992082313158605
F9,NWOA-PS,66,47.919054723410554
F9,NWOA-PS,67,47.91457939737956
F9,NWOA-PS,68,47.35356314918961
F9,NWOA-PS,69,47.00954233949821
F9,NWOA-PS,70,46.962735613623096
F9,NWOA-PS,71,46.52143560090498
F9,NWOA-PS,72,46.545566906542945
F9,NWOA-PS,73,46.323022761894755
F9,NWOA-PS,74,45.98336850386372
F9,NWOA-PS,75,45.887912373961356
F9,NWOA-PS,76,45.887912373961356
F9,NWOA-PS,77,45.6317185571304
F9,NWOA-PS,78,45.59541543124745
F9,NWOA-PS,79,45.59722769414209
F9,NWOA-PS,80,45.580772667886514
F9,NWOA-PS,81,45.580772667886514
F9,NWOA-PS,82,45.580772667886514
F9,NWOA-PS,83,45.53162770672384
F9,NWOA-PS,84,45.57104278444811
F9,NWOA-PS,85,45.596099607874145
F9,NWOA-PS,86,45.596099607874145
F9,NWOA-PS,87,45.44438765278957
F9,NWOA-PS,88,45.46119981426885
F9,NWOA-PS,89,45.25886961311467
F9,NWOA-PS,90,45.03368201878364
F9,NWOA-PS,91,44.75315413400103
F9,NWOA-PS,92,44.725381857291026
F9,NWOA-PS,93,44.67130706443926
F9,NWOA-PS,94,44.65824300943142
F9,NWOA-PS,95,44.41999264064925
F9,NWOA-PS,96,43.95136037347906
F9,NWOA-PS,97,43.88815585036109
F9,NWOA-PS,98,43.78549610953567
F9,NWOA-PS,99,43.71285201464242
F9,NWOA-PS,100,43.710747532686234
F9,NWOA-PS,101,43.68460295204788
F9,NWOA-PS,102,43.646814628167625
F9,NWOA-PS,103,43.529376422181635
F9,NWOA-PS,104,43.37301511837937
F9,NWOA-PS,105,43.24245296918109
F9,NWOA-PS,106,43.26167978899012
F9,NWOA-PS,107,43.120827685884386
F9,NWOA-PS,108,42.95100784193705
F9,NWOA-PS,109,42.84716816341056
F9,NWOA-PS,110,42.80729479501137
F9,NWOA-PS,111,42.735850542781364
F9,NWOA-PS,112,42.5776495380639
F9,NWOA-PS,113,42.44307364782769
F9,NWOA-PS,114,42.3839546257174
F9,NWOA-PS,115,42.37824552792715
F9,NWOA-PS,116,42.10425451042528
F9,NWOA-PS,117,42.074128466592
F9,NWOA-PS,118,42.00790491163985
F9,NWOA-PS,119,41.66697040549077
F9,NWOA-PS,120,41.26674128233561
F9,NWOA-PS,121,41.10384798686289
F9,NWOA-PS,122,41.020663538942756
F9,NWOA-PS,123,40.80256910965126
F9,NWOA-PS,124,40.63939836495046
F9,NWOA-PS,125,40.576371305890646
F9,NWOA-PS,126,40.49739680137027
F9,NWOA-PS,127,40.491796441683874
F9,NWOA-PS,128,40.21232238859185
F9,NWOA-PS,129,39.968585932233836
F9,NWOA-PS,130,39.81318710112761
F9,NWOA-PS,131,39.095673129642286
F9,NWOA-PS,132,38.72405402373867
F9,NWOA-PS,133,38.385769877632065
F9,NWOA-PS,134,38.20244719782012
F9,NWOA-PS,135,37.85696326356377
F9,NWOA-PS,136,37.6932237662694
F9,NWOA-PS,137,37.67053079530458
F9,NWOA-PS,138,37.61168632638067
F9,NWOA-PS,139,37.57934930216972
F9,NWOA-PS,140,37.38573815389068
F9,NWOA-PS,141,37.35784889978438
F9,NWOA-PS,142,37.17662395196204
F9,NWOA-PS,143,37.088988526811136
F9,NWOA-PS,144,36.91154429025228
F9,NWOA-PS,145,36.77473460123846
F9,NWOA-PS,146,36.76069048572552
F9,NWOA-PS,147,36.7610412037004
F9,NWOA-PS,148,36.7490934551919
F9,NWOA-PS,149,36.73091248811856
F9,NWOA-PS,150,36.554413065481434
F9,NWOA-SA,0,446.8647839486324
F9,NWOA-SA,1,368.31880642964904
F9,NWOA-SA,2,292.24890131642417
F9,NWOA-SA,3,245.21044042241587
F9,NWOA-SA,4,183.73555154095726
F9,NWOA-SA,5,160.15995718211275
F9,NWOA-SA,6,136.9908952708726
F9,NWOA-SA,7,115.28653260494141
F9,NWOA-SA,8,106.10242804274287
F9,NWOA-SA,9,103.41303448950353
F9,NWOA-SA,10,111.49969025128931
F9,NWOA-SA,11,114.8370098847619
F9,NWOA-SA,12,113.82899121820319
F9,NWOA-SA,13,107.91091426331613
F9,NWOA-SA,14,100.90578958337348
F9,NWOA-SA,15,93.69893923768957
F9,NWOA-SA,16,85.02148568425609
F9,NWOA-SA,17,82.12620430555685
F9,NWOA-SA,18,78.86021708443516
F9,NWOA-SA,19,75.8503861959603
F9,NWOA-SA,20,77.45662660229132
F9,NWOA-SA,21,74.4029476709689
F9,NWOA-SA,22,72.36691011617377
F9,NWOA-SA,23,71.23941357678572
F9,NWOA-SA,24,69.80498723414392
F9,NWOA-SA,25,68.44805528912588
F9,NWOA-SA,26,66.42158076776714
F9,NWOA-SA,27,64.2571610998847
F9,NWOA-SA,28,63.56549108410803
F9,NWOA-SA,29,61.643275654851706
F9,NWOA-SA,30,61.576996232874464
F9,NWOA-SA,31,60.63458047658937
F9,NWOA-SA,32,59.417528867751244
F9,NWOA-SA,33,57.99180758269955
F9,NWOA-SA,34,56.807680487126085
F9,NWOA-SA,35,55.22871112387494
F9,NWOA-SA,36,54.28723787932328
F9,NWOA-SA,37,53.498048657097115
F9,NWOA-SA,38,52.163786601796325
F9,NWOA-SA,39,51.29309645787005
F9,NWOA-SA,40,49.72363990848248
F9,NWOA-SA,41,49.10185572015716
F9,NWOA-SA,42,48.038833441594036
F9,NWOA-SA,43,46.67551608290882
F9,NWOA-SA,44,45.866937455950946
F9,NWOA-SA,45,45.09406651699972
F9,NWOA-SA,46,43.781307025255295
F9,NWOA-SA,47,43.37506542294972
F9,NWOA-SA,48,43.17460280338789
F9,NWOA-SA,49,42.971886665114496
F9,NWOA-SA,50,41.949709107934595
F9,NWOA-SA,51,41.612555566434324
F9,NWOA-SA,52,40.757866766756436
F9,NWOA-SA,53,40.74448394688322
F9,NWOA-SA,54,40.496001437007735
F9,NWOA-SA,55,39.5473022862072
F9,NWOA-SA,56,39.3089401756268
F9,NWOA-SA,57,38.90094984337374
F9,NWOA-SA,58,38.35886978260815
F9,NWOA-SA,59,38.12317505010681
F9,NWOA-SA,60,38.041032542343515
F9,NWOA-SA,61,37.72393579903452
F9,NWOA-SA,62,37.05083332038038
F9,NWOA-SA,63,36.44394842035603
F9,NWOA-SA,64,35.95751583096485
F9,NWOA-SA,65,35.973657397176034
F9,NWOA-SA,66,35.75416937774157
F9,NWOA-SA,67,35.627296899397216
F9,NWOA-SA,68,35.42336993302849
F9,NWOA-SA,69,34.89491999654247
F9,NWOA-SA,70,34.67768705582531
F9,NWOA-SA,71,34.24746925653079
F9,NWOA-SA,72,34.36611649344483
F9,NWOA-SA,73,34.45692937756659
F9,NWOA-SA,74,34.2174086550386
F9,NWOA-SA,75,34.02596679870572
F9,NWOA-SA,76,33.78713819876812
F9,NWOA-SA,77,33.5518494295537
F9,NWOA-SA,78,33.15410219236095
F9,NWOA-SA,79,33.10465018855147
F9,NWOA-SA,80,32.9848535755245
F9,NWOA-SA,81,32.616867092692715
F9,NWOA-SA,82,32.13324575289893
F9,NWOA-SA,83,32.134639870847835
F9,NWOA-SA,84,31.937115312096022
F9,NWOA-SA,85,32.08272893763658
F9,NWOA-SA,86,32.05317058411818
F9,NWOA-SA,87,31.795336865696118
F9,NWOA-SA,88,31.613301691610975
F9,NWOA-SA,89,31.67652959456735
F9,NWOA-SA,90,31.47612602791051
F9,NWOA-SA,91,31.27023584013305
F9,NWOA-SA,92,31.288993540861878
F9,NWOA-SA,93,31.12076683405049
F9,NWOA-SA,94,30.997702885893666
F9,NWOA-SA,95,30.872889476737726
F9,NWOA-SA,96,30.34599953960352
F9,NWOA-SA,97,30.261450096173995
F9,NWOA-SA,98,30.015065130371347
F9,NWOA-SA,99,29.95670688259304
F9,NWOA-SA,100,29.499520120321296
F9,NWOA-SA,101,29.529535614692143
F9,NWOA-SA,102,29.259849393447077
F9,NWOA-SA,103,29.141796599865323
F9,NWOA-SA,104,29.092725782025184
F9,NWOA-SA,105,28.765300579454436
F9,NWOA-SA,106,28.42371422770368
F9,NWOA-SA,107,28.34054928006352
F9,NWOA-SA,108,28.109511977444868
F9,NWOA-SA,109,28.23298929306326
F9,NWOA-SA,110,28.22006014776049
F9,NWOA-SA,111,28.354755371502286
F9,NWOA-SA,112,28.270337419741367
F9,NWOA-SA,113,28.177268534891674
F9,NWOA-SA,114,28.191229730410647
F9,NWOA-SA,115,28.07727066401071
F9,NWOA-SA,116,28.055666410326417
F9,NWOA-SA,117,27.98974956295674
F9,NWOA-SA,118,27.94993953760595
F9,NWOA-SA,119,27.760177899976135
F9,NWOA-SA,120,27.766726615772974
F9,NWOA-SA,121,27.662680516039234
F9,NWOA-SA,122,27.649069984011113
F9,NWOA-SA,123,27.537557545147667
F9,NWOA-SA,124,27.3027593644449
F9,NWOA-SA,125,27.226579418081467
F9,NWOA-SA,126,27.226579418081467
F9,NWOA-SA,127,27.17287568230409
F9,NWOA-SA,128,27.165094687780332
F9,NWOA-SA,129,27.096655662405475
F9,NWOA-SA,130,27.145136786727683
F9,NWOA-SA,131,27.147743780578946
F9,NWOA-SA,132,26.996548066947508
F9,NWOA-SA,133,26.78016447948368
F9,NWOA-SA,134,26.73031510294611
F9,NWOA-SA,135,26.65243883357914
F9,NWOA-SA,136,26.642825372087582
F9,NWOA-SA,137,26.512203744354736
F9,NWOA-SA,138,26.44338840304878
F9,NWOA-SA,139,26.216088527750617
F9,NWOA-SA,140,26.150121814876048
F9,NWOA-SA,141,26.185214613838603
F9,NWOA-SA,142,26.23769116609514
F9,NWOA-SA,143,26.19362488032266
F9,NWOA-SA,144,26.241849127020167
F9,NWOA-SA,145,26.132829061652934
F9,NWOA-SA,146,25.983732485310703
F9,NWOA-SA,147,26.00187913995697
F9,NWOA-SA,148,25.785245594437026
F9,NWOA-SA,149,25.850629671111545
F9,NWOA-SA,150,25.78125118266636
F20,NWOA,0,442.17311504444916
F20,NWOA,1,379.5348744497404
F20,NWOA,2,303.2896889464653
F20,NWOA,3,229.8870585594374
F20,NWOA,4,165.98756708029265
F20,NWOA,5,117.48068549518484
F20,NWOA,6,96.4130472142036
F20,NWOA,7,79.48274468385686
F20,NWOA,8,67.43291872149956
F20,NWOA,9,48.99283628388362
F20,NWOA,10,41.09891524940714
F20,NWOA,11,33.09853873872415
F20,NWOA,12,26.437053082005654
F20,NWOA,13,32.98814303072426
F20,NWOA,14,27.825673274817756
F20,NWOA,15,23.04861793966722
F20,NWOA,16,27.933957861602174
F20,NWOA,17,26.669750650432594
F20,NWOA,18,21.921347092122183
F20,NWOA,19,16.2025225804974
F20,NWOA,20,12.681961010173778
F20,NWOA,21,10.213272890342498
F20,NWOA,22,7.598941179741871
F20,NWOA,23,5.96463240018164
F20,NWOA,24,4.532277383074137
F20,NWOA,25,3.26081684546944
F20,NWOA,26,3.177573601940533
F20,NWOA,27,3.6371895628408764
F20,NWOA,28,3.4072102399557656
F20,NWOA,29,3.1051601253745296
F20,NWOA,30,3.3133385027995983
F20,NWOA,31,2.958083559836522
F20,NWOA,32,2.4998766022191345
F20,NWOA,33,2.014524969019677
F20,NWOA,34,1.5966154364305891
F20,NWOA,35,1.4325890065963844
F20,NWOA,36,1.1444403776013747
F20,NWOA,37,1.0658442129637664
F20,NWOA,38,0.7715351944102998
F20,NWOA,39,0.7325439071840425
F20,NWOA,40,0.7395702208408965
F20,NWOA,41,0.4452462259677647
F20,NWOA,42,0.33819399280873813
F20,NWOA,43,0.25978931504857616
F20,NWOA,44,0.24345337200257947
F20,NWOA,45,0.23923259529570967
F20,NWOA,46,0.22869053689322633
F20,NWOA,47,0.12919910136731666
F20,NWOA,48,0.11583219242742013
F20,NWOA,49,0.11242781755989048
F20,NWOA,50,0.1125472797090296
F20,NWOA,51,0.11599380247147621
F20,NWOA,52,0.1141212258061248
F20,NWOA,53,0.09577101601281016
F20,NWOA,54,0.08189970500181114
F20,NWOA,55,0.08169305139593186
F20,NWOA,56,0.08150478395977431
F20,NWOA,57,0.08454130528989619
F20,NWOA,58,0.09487035459647866
F20,NWOA,59,0.09033875179386165
F20,NWOA,60,0.0816629735006841
F20,NWOA,61,0.08024900856531417
F20,NWOA,62,0.07456701266882418
F20,NWOA,63,0.0735859039195193
F20,NWOA,64,0.07177557423905027
F20,NWOA,65,0.06971525784845964
F20,NWOA,66,0.06814565617223366
F20,NWOA,67,0.06747474856207666
F20,NWOA,68,0.06681408374016959
F20,NWOA,69,0.06633272061993196
F20,NWOA,70,0.06603269230952427
F20,NWOA,71,0.06566788404746256
F20,NWOA,72,0.0015953229224755193
F20,NWOA,73,0.0015385692949450359
F20,NWOA,74,0.0006880051606912537
F20,NWOA,75,0.0005142936781200523
F20,NWOA,76,4.079133134357857e-05
F20,NWOA,77,2.6714241294611725e-05
F20,NWOA,78,2.0663027853102564e-05
F20,NWOA,79,1.3526033306625248e-05
F20,NWOA,80,8.549271207190802e-06
F20,NWOA,81,6.078358688374721e-06
F20,NWOA,82,3.7269377416104866e-06
F20,NWOA,83,2.778100469101092e-06
F20,NWOA,84,1.4221125522188169e-06
F20,NWOA,85,1.180949579521762e-06
F20,NWOA,86,8.934118251393547e-07
F20,NWOA,87,7.67876906750042e-07
F20,NWOA,88,6.408359940532178e-07
F20,NWOA,89,4.131449519557179e-07
F20,NWOA,90,2.651364794679556e-07
F20,NWOA,91,2.3297269409500547e-07
F20,NWOA,92,1.8694137218646867e-07
F20,NWOA,93,1.1210171202371984e-07
F20,NWOA,94,9.64746172278444e-08
F20,NWOA,95,6.418750955958624e-08
F20,NWOA,96,4.73414544748455e-08
F20,NWOA,97,4.1043299546516475e-08
F20,NWOA,98,2.9438556506017086e-08
F20,NWOA,99,2.3515967968507944e-08
F20,NWOA,100,2.0930910013407607e-08
F20,NWOA,101,1.3195575266160023e-08
F20,NWOA,102,9.492943080625802e-09
F20,NWOA,103,9.01170685491185e-09
F20,NWOA,104,6.563017550016468e-09
F20,NWOA,105,5.3961035022405766e-09
F20,NWOA,106,5.058751356829811e-09
F20,NWOA,107,3.5680321279562376e-09
F20,NWOA,108,2.7163760944429916e-09
F20,NWOA,109,2.3486989385479425e-09
F20,NWOA,110,1.534090538323834e-09
F20,NWOA,111,1.2206365602675776e-09
F20,NWOA,112,8.159037150669143e-10
F20,NWOA,113,5.941206426330636e-10
F20,NWOA,114,5.13328201333863e-10
F20,NWOA,115,4.726408668675067e-10
F20,NWOA,116,3.7749884483476086e-10
F20,NWOA,117,3.469007546162234e-10
F20,NWOA,118,2.526585482934457e-10
F20,NWOA,119,2.3258520474111295e-10
F20,NWOA,120,2.2686130995215492e-10
F20,NWOA,121,1.848049651157279e-10
F20,NWOA,122,1.6927938346200885e-10
F20,NWOA,123,1.5597593602374005e-10
F20,NWOA,124,1.2722827927333863e-10
F20,NWOA,125,1.1570079448888974e-10
F20,NWOA,126,9.878090051967322e-11
F20,NWOA,127,9.413842934852773e-11
F20,NWOA,128,8.331025287546769e-11
F20,NWOA,129,7.502564885726351e-11
F20,NWOA,130,7.197246159914999e-11
F20,NWOA,131,6.959915764174742e-11
F20,NWOA,132,6.904879212804396e-11
F20,NWOA,133,6.606765595732542e-11
F20,NWOA,134,6.279547705614514e-11
F20,NWOA,135,5.804619115583299e-11
F20,NWOA,136,5.523320927486661e-11
F20,NWOA,137,5.1499356008055905e-11
F20,NWOA,138,5.032641057910079e-11
F20,NWOA,139,4.8033474224359794e-11
F20,NWOA,140,4.656265203422057e-11
F20,NWOA,141,4.558411034697931e-11
F20,NWOA,142,4.351250706084605e-11
F20,NWOA,143,4.333486567969106e-11
F20,NWOA,144,4.274597118307628e-11
F20,NWOA,145,4.1983281329116555e-11
F20,NWOA,146,4.119658616120563e-11
F20,NWOA,147,4.083048166177989e-11
F20,NWOA,148,4.058727623662453e-11
F20,NWOA,149,4.0291565042387917e-11
F20,NWOA,150,4.0161911252595425e-11
F20,NWOA-NM,0,442.17311504444916
F20,NWOA-NM,1,370.2469495178387
F20,NWOA-NM,2,312.49768743773694
F20,NWOA-NM,3,238.8652735687202
F20,NWOA-NM,4,190.77997975159286
F20,NWOA-NM,5,158.5667608181848
F20,NWOA-NM,6,139.33121299030947
F20,NWOA-NM,7,130.36486027658944
F20,NWOA-NM,8,120.90457721021099
F20,NWOA-NM,9,120.5703836940329
F20,NWOA-NM,10,107.86034323710673
F20,NWOA-NM,11,96.97319244841849
F20,NWOA-NM,12,98.05245534387487
F20,NWOA-NM,13,97.01267642685568
F20,NWOA-NM,14,96.75186617596731
F20,NWOA-NM,15,90.82869633087594
F20,NWOA-NM,16,89.11710684858785
F20,NWOA-NM,17,86.00562535891828
F20,NWOA-NM,18,83.12121833729367
F20,NWOA-NM,19,82.0966263925282
F20,NWOA-NM,20,78.762054801863
F20,NWOA-NM,21,78.33506217150378
F20,NWOA-NM,22,76.96271867581113
F20,NWOA-NM,23,74.76988917927545
F20,NWOA-NM,24,76.60386307200633
F20,NWOA-NM,25,72.59237629396867
F20,NWOA-NM,26,71.11339820064839
F20,NWOA-NM,27,71.0222452493383
F20,NWOA-NM,28,70.46877626927851
F20,NWOA-NM,29,67.61981138539565
F20,NWOA-NM,30,65.61203881323824
F20,NWOA-NM,31,64.55729893091159
F20,NWOA-NM,32,63.340354295548956
F20,NWOA-NM,33,62.19571492941211
F20,NWOA-NM,34,62.76496444440122
F20,NWOA-NM,35,61.68418021526219
F20,NWOA-NM,36,61.35437793658683
F20,NWOA-NM,37,60.402078271809714
F20,NWOA-NM,38,59.54187435361554
F20,NWOA-NM,39,59.583700471528246
F20,NWOA-NM,40,58.3775624676329
F20,NWOA-NM,41,59.45120910917749
F20,NWOA-NM,42,58.72513622270403
F20,NWOA-NM,43,56.74065408721452
F20,NWOA-NM,44,56.493162680102635
F20,NWOA-NM,45,56.923927698260755
F20,NWOA-NM,46,57.14249645424525
F20,NWOA-NM,47,57.693056763264835
F20,NWOA-NM,48,58.15702301717526
F20,NWOA-NM,49,56.6433240782741
F20,NWOA-NM,50,54.94987770097752
F20,NWOA-NM,51,53.68880368361329
F20,NWOA-NM,52,52.787266638695904
F20,NWOA-NM,53,51.89304520851558
F20,NWOA-NM,54,51.55719540191218
F20,NWOA-NM,55,50.316944886946104
F20,NWOA-NM,56,49.88391993761964
F20,NWOA-NM,57,50.25239733882605
F20,NWOA-NM,58,49.75282921083616
F20,NWOA-NM,59,50.2401334208314
F20,NWOA-NM,60,49.51533345493609
F20,NWOA-NM,61,48.351470520556234
F20,NWOA-NM,62,47.92767128775776
F20,NWOA-NM,63,46.74408482842232
F20,NWOA-NM,64,45.54820295971118
F20,NWOA-NM,65,44.06146022331706
F20,NWOA-NM,66,43.1358448222353
F20,NWOA-NM,67,42.63879472410637
F20,NWOA-NM,68,42.3323475233605
F20,NWOA-NM,69,42.24114174075262
F20,NWOA-NM,70,41.93145847572835
F20,NWOA-NM,71,41.31336612860187
F20,NWOA-NM,72,41.42884849263912
F20,NWOA-NM,73,40.956226462739245
F20,NWOA-NM,74,40.805881015341605
F20,NWOA-NM,75,40.689540597647905
F20,NWOA-NM,76,40.36136247550591
F20,NWOA-NM,77,40.09199959024069
F20,NWOA-NM,78,40.06676569711174
F20,NWOA-NM,79,39.894425206978596
F20,NWOA-NM,80,39.9139154463108
F20,NWOA-NM,81,39.738395333504215
F20,NWOA-NM,82,39.196207583866475
F20,NWOA-NM,83,39.17752223766913
F20,NWOA-NM,84,39.17609958489781
F20,NWOA-NM,85,39.17357557183512
F20,NWOA-NM,86,39.15564314522514
F20,NWOA-NM,87,38.90123778308101
F20,NWOA-NM,88,38.75409442736059
F20,NWOA-NM,89,38.71844314909934
F20,NWOA-NM,90,38.73124848471207
F20,NWOA-NM,91,38.61223680792283
F20,NWOA-NM,92,38.8681906243855
F20,NWOA-NM,93,38.408189046015934
F20,NWOA-NM,94,38.03400278449075
F20,NWOA-NM,95,37.81051273941624
F20,NWOA-NM,96,37.653500284953296
F20,NWOA-NM,97,37.44694031311913
F20,NWOA-NM,98,37.83093022701878
F20,NWOA-NM,99,37.88851647040871
F20,NWOA-NM,100,37.93406106793667
F20,NWOA-NM,101,37.366593120846865
F20,NWOA-NM,102,37.34873710590252
F20,NWOA-NM,103,37.29897961710243
F20,NWOA-NM,104,37.08756835145524
F20,NWOA-NM,105,37.022193695366084
F20,NWOA-NM,106,36.957418754689144
F20,NWOA-NM,107,36.72068967146741
F20,NWOA-NM,108,36.889230976281326
F20,NWOA-NM,109,36.89310463103401
F20,NWOA-NM,110,36.78565244545085
F20,NWOA-NM,111,36.69941218440673
F20,NWOA-NM,112,37.06433400942616
F20,NWOA-NM,113,36.882108262853066
F20,NWOA-NM,114,36.682730412782576
F20,NWOA-NM,115,36.66621549303896
F20,NWOA-NM,116,36.77143485885908
F20,NWOA-NM,117,36.636075445023536
F20,NWOA-NM,118,36.461086702677235
F20,NWOA-NM,119,36.3052305617954
F20,NWOA-NM,120,36.12371819821124
F20,NWOA-NM,121,36.17710780608311
F20,NWOA-NM,122,35.72145135132916
F20,NWOA-NM,123,35.26048715525871
F20,NWOA-NM,124,35.174137347793895
F20,NWOA-NM,125,35.08538228704691
F20,NWOA-NM,126,34.874934553501106
F20,NWOA-NM,127,34.722846748150936
F20,NWOA-NM,128,34.77417872028575
F20,NWOA-NM,129,34.607756967524345
F20,NWOA-NM,130,34.54970511352752
F20,NWOA-NM,131,34.347481745406455
F20,NWOA-NM,132,34.37909201295187
F20,NWOA-NM,133,34.007603537730745
F20,NWOA-NM,134,33.91205899119479
F20,NWOA-NM,135,33.82934668010539
F20,NWOA-NM,136,33.78603568839917
F20,NWOA-NM,137,33.651341860809254
F20,NWOA-NM,138,33.408377565703994
F20,NWOA-NM,139,33.348382886074745
F20,NWOA-NM,140,33.36488491896712
F20,NWOA-NM,141,33.263871969262155
F20,NWOA-NM,142,33.181478749196444
F20,NWOA-NM,143,33.11873732792198
F20,NWOA-NM,144,33.048138016019514
F20,NWOA-NM,145,32.889086001404834
F20,NWOA-NM,146,32.89315121633449
F20,NWOA-NM,147,32.8820833385064
F20,NWOA-NM,148,32.8070894430336
F20,NWOA-NM,149,32.65480848736077
F20,NWOA-NM,150,32.685080201522844
F20,NWOA-HC,0,442.17311504444916
F20,NWOA-HC,1,370.2469495178387
F20,NWOA-HC,2,312.49768743773694
F20,NWOA-HC,3,238.8652735687202
F20,NWOA-HC,4,190.77997975159286
F20,NWOA-HC,5,158.5667608181848
F20,NWOA-HC,6,139.33121299030947
F20,NWOA-HC,7,130.36486027658944
F20,NWOA-HC,8,120.90457721021099
F20,NWOA-HC,9,120.5703836940329
F20,NWOA-HC,10,115.60457484672172
F20,NWOA-HC,11,117.45677219177135
F20,NWOA-HC,12,117.6146839040392
F20,NWOA-HC,13,115.33641433622225
F20,NWOA-HC,14,115.95934904984892
F20,NWOA-HC,15,108.07108763217074
F20,NWOA-HC,16,104.9676952594519
F20,NWOA-HC,17,103.25788400253623
F20,NWOA-HC,18,99.78067002136348
F20,NWOA-HC,19,96.88497019543608
F20,NWOA-HC,20,95.96348570808857
F20,NWOA-HC,21,90.99328655216733
F20,NWOA-HC,22,87.00271984955471
F20,NWOA-HC,23,84.89284719520096
F20,NWOA-HC,24,81.53934322323587
F20,NWOA-HC,25,79.65364847420129
F20,NWOA-HC,26,78.00088141385251
F20,NWOA-HC,27,74.52709795284223
F20,NWOA-HC,28,73.00277236228699
F20,NWOA-HC,29,71.76911346294546
F20,NWOA-HC,30,72.46925145050767
F20,NWOA-HC,31,70.38436070999555
F20,NWOA-HC,32,69.23235026732361
F20,NWOA-HC,33,68.15836178411318
F20,NWOA-HC,34,67.50987943925438
F20,NWOA-HC,35,66.2056270804618
F20,NWOA-HC,36,64.56328170833345
F20,NWOA-HC,37,63.68562025624614
F20,NWOA-HC,38,62.40544597938911
F20,NWOA-HC,39,61.832037875893946
F20,NWOA-HC,40,61.54481900408153
F20,NWOA-HC,41,59.27253244070088
F20,NWOA-HC,42,57.69530125697194
F20,NWOA-HC,43,56.83342164603712
F20,NWOA-HC,44,56.59367501537891
F20,NWOA-HC,45,56.211892438797506
F20,NWOA-HC,46,54.93229077861149
F20,NWOA-HC,47,54.090409704813865
F20,NWOA-HC,48,54.11499222974156
F20,NWOA-HC,49,53.78417047661143
F20,NWOA-HC,50,53.7559028109113
F20,NWOA-HC,51,50.69071678665689
F20,NWOA-HC,52,49.87095579528573
F20,NWOA-HC,53,48.83179094401489
F20,NWOA-HC,54,48.066638928739515
F20,NWOA-HC,55,47.92469092839426
F20,NWOA-HC,56,47.40722648989462
F20,NWOA-HC,57,46.55950559547974
F20,NWOA-HC,58,46.54893743388103
F20,NWOA-HC,59,46.15941857207058
F20,NWOA-HC,60,46.44784741469091
F20,NWOA-HC,61,45.04803317894637
F20,NWOA-HC,62,44.3543605851267
F20,NWOA-HC,63,43.73464531841174
F20,NWOA-HC,64,43.04863136186959
F20,NWOA-HC,65,42.91928888380162
F20,NWOA-HC,66,42.41400059358809
F20,NWOA-HC,67,42.38622993971599
F20,NWOA-HC,68,41.91329851253623
F20,NWOA-HC,69,41.8315839909824
F20,NWOA-HC,70,41.86149426250065
F20,NWOA-HC,71,41.637807449205795
F20,NWOA-HC,72,41.49178451544036
F20,NWOA-HC,73,41.15784796779274
F20,NWOA-HC,74,40.69275837286589
F20,NWOA-HC,75,40.55716818793491
F20,NWOA-HC,76,40.624365344561774
F20,NWOA-HC,77,40.0629287376268
F20,NWOA-HC,78,39.32094982722538
F20,NWOA-HC,79,39.01486047230388
F20,NWOA-HC,80,38.76774693555707
F20,NWOA-HC,81,38.55412224637546
F20,NWOA-HC,82,38.02369691069366
F20,NWOA-HC,83,37.687870872882264
F20,NWOA-HC,84,37.12744104294389
F20,NWOA-HC,85,36.64291748585843
F20,NWOA-HC,86,35.95402809790765
F20,NWOA-HC,87,35.89591052609681
F20,NWOA-HC,88,35.623772186470866
F20,NWOA-HC,89,35.70382738541838
F20,NWOA-HC,90,35.564171164809935
F20,NWOA-HC,91,35.371121953071324
F20,NWOA-HC,92,35.37457768379421
F20,NWOA-HC,93,35.07963082117688
F20,NWOA-HC,94,34.76495512324685
F20,NWOA-HC,95,34.75676485119064
F20,NWOA-HC,96,34.49974244564307
F20,NWOA-HC,97,34.346899474752256
F20,NWOA-HC,98,34.31253354592191
F20,NWOA-HC,99,34.288433383968034
F20,NWOA-HC,100,34.205332335943005
F20,NWOA-HC,101,33.90162808394998
F20,NWOA-HC,102,33.82959802001589
F20,NWOA-HC,103,33.68816391915887
F20,NWOA-HC,104,33.508562404338775
F20,NWOA-HC,105,33.262496645030055
F20,NWOA-HC,106,33.14653141932045
F20,NWOA-HC,107,33.184195311507125
F20,NWOA-HC,108,33.077930308603186
F20,NWOA-HC,109,32.97920952805219
F20,NWOA-HC,110,33.001962873177206
F20,NWOA-HC,111,32.76527348056986
F20,NWOA-HC,112,32.62771326821162
F20,NWOA-HC,113,32.40886839646954
F20,NWOA-HC,114,32.45924824798556
F20,NWOA-HC,115,32.3273108230488
F20,NWOA-HC,116,32.12870812423322
F20,NWOA-HC,117,31.79851643272472
F20,NWOA-HC,118,31.557828651331135
F20,NWOA-HC,119,31.485547695709204
F20,NWOA-HC,120,31.269632056559505
F20,NWOA-HC,121,31.203409801569954
F20,NWOA-HC,122,31.1323162416921
F20,NWOA-HC,123,30.977246911002005
F20,NWOA-HC,124,30.966463463609777
F20,NWOA-HC,125,30.822451304665424
F20,NWOA-HC,126,30.73415766018845
F20,NWOA-HC,127,30.65830655451332
F20,NWOA-HC,128,30.6792874958984
F20,NWOA-HC,129,30.57806240061937
F20,NWOA-HC,130,30.54365480326046
F20,NWOA-HC,131,30.58565548150932
F20,NWOA-HC,132,30.575197945568817
F20,NWOA-HC,133,30.499303725223093
F20,NWOA-HC,134,30.362413244418292
F20,NWOA-HC,135,30.317768706935937
F20,NWOA-HC,136,30.30209166334435
F20,NWOA-HC,137,30.236622332921762
F20,NWOA-HC,138,30.281006958180445
F20,NWOA-HC,139,30.264201291958823
F20,NWOA-HC,140,30.28897586346893
F20,NWOA-HC,141,30.342424445687925
F20,NWOA-HC,142,30.28301760241606
F20,NWOA-HC,143,30.242991157955707
F20,NWOA-HC,144,30.17414113198141
F20,NWOA-HC,145,30.24902596673683
F20,NWOA-HC,146,30.15523758642724
F20,NWOA-HC,147,30.14471911482669
F20,NWOA-HC,148,30.12116327599403
F20,NWOA-HC,149,30.120785636250314
F20,NWOA-HC,150,30.081419558703136
F20,NWOA-PS,0,442.17311504444916
F20,NWOA-PS,1,370.2469495178387
F20,NWOA-PS,2,312.49768743773694
F20,NWOA-PS,3,238.8652735687202
F20,NWOA-PS,4,190.77997975159286
F20,NWOA-PS,5,158.5667608181848
F20,NWOA-PS,6,139.33121299030947
F20,NWOA-PS,7,130.36486027658944
F20,NWOA-PS,8,120.90457721021099
F20,NWOA-PS,9,120.5703836940329
F20,NWOA-PS,10,114.95331776073002
F20,NWOA-PS,11,117.67615745995738
F20,NWOA-PS,12,115.03734402972027
F20,NWOA-PS,13,114.9208832216979
F20,NWOA-PS,14,113.21491812415415
F20,NWOA-PS,15,108.54234099892088
F20,NWOA-PS,16,108.56589497864266
F20,NWOA-PS,17,102.39111614684886
F20,NWOA-PS,18,98.69554708187525
F20,NWOA-PS,19,95.72541016880344
F20,NWOA-PS,20,97.80997917273045
F20,NWOA-PS,21,95.87077319784217
F20,NWOA-PS,22,92.40227947392864
F20,NWOA-PS,23,91.1623696795091
F20,NWOA-PS,24,90.76827539390942
F20,NWOA-PS,25,89.44695115659883
F20,NWOA-PS,26,83.9564381676258
F20,NWOA-PS,27,83.07939963567837
F20,NWOA-PS,28,82.10886059798615
F20,NWOA-PS,29,78.50964608745261
F20,NWOA-PS,30,76.30753419703248
F20,NWOA-PS,31,73.4441855856703
F20,NWOA-PS,32,71.66484527796005
F20,NWOA-PS,33,67.69801928425633
F20,NWOA-PS,34,65.35579765602664
F20,NWOA-PS,35,63.3832976379302
F20,NWOA-PS,36,60.63024623755632
F20,NWOA-PS,37,59.92394265151635
F20,NWOA-PS,38,58.609958679115415
F20,NWOA-PS,39,57.97729680640865
F20,NWOA-PS,40,57.54301719702754
F20,NWOA-PS,41,55.24398502443692
F20,NWOA-PS,42,53.96779943450605
F20,NWOA-PS,43,53.626739593741114
F20,NWOA-PS,44,53.33321360026557
F20,NWOA-PS,45,51.25911227807143
F20,NWOA-PS,46,50.298610714130426
F20,NWOA-PS,47,49.555322670413275
F20,NWOA-PS,48,48.577042233517645
F20,NWOA-PS,49,48.560476190118706
F20,NWOA-PS,50,48.20574936268402
F20,NWOA-PS,51,47.80190383055561
F20,NWOA-PS,52,46.774723504975825
F20,NWOA-PS,53,46.63054647022921
F20,NWOA-PS,54,45.61928232631253
F20,NWOA-PS,55,45.38317975830732
F20,NWOA-PS,56,45.07467698375996
F20,NWOA-PS,57,45.022946665743014
F20,NWOA-PS,58,44.94072463495432
F20,NWOA-PS,59,45.01849051805893
F20,NWOA-PS,60,44.75789775590066
F20,NWOA-PS,61,44.374501877821594
F20,NWOA-PS,62,43.343074672956035
F20,NWOA-PS,63,42.452433949778296
F20,NWOA-PS,64,40.62171048662974
F20,NWOA-PS,65,39.482902820837154
F20,NWOA-PS,66,38.837186514730526
F20,NWOA-PS,67,37.792599904193075
F20,NWOA-PS,68,37.177498117273466
F20,NWOA-PS,69,36.02896820070124
F20,NWOA-PS,70,35.70735894136647
F20,NWOA-PS,71,35.15230630471892
F20,NWOA-PS,72,34.99822942895354
F20,NWOA-PS,73,34.70870467944616
F20,NWOA-PS,74,34.84186183449199
F20,NWOA-PS,75,34.76708649699495
F20,NWOA-PS,76,34.6852078921456
F20,NWOA-PS,77,34.42114549418052
F20,NWOA-PS,78,34.31747979405269
F20,NWOA-PS,79,33.99821534192179
F20,NWOA-PS,80,33.80477761655525
F20,NWOA-PS,81,33.334641659975304
F20,NWOA-PS,82,33.24753378727946
F20,NWOA-PS,83,32.91736364796709
F20,NWOA-PS,84,32.95661499916556
F20,NWOA-PS,85,32.605320624512764
F20,NWOA-PS,86,32.33058665780495
F20,NWOA-PS,87,32.13612618878849
F20,NWOA-PS,88,31.923296377814257
F20,NWOA-PS,89,32.02932182680437
F20,NWOA-PS,90,31.97873977830013
F20,NWOA-PS,91,31.776209216184736
F20,NWOA-PS,92,31.769710544905827
F20,NWOA-PS,93,32.010558369477216
F20,NWOA-PS,94,31.76844043502976
F20,NWOA-PS,95,31.675022014393413
F20,NWOA-PS,96,31.325715750054606
F20,NWOA-PS,97,31.28898498094087
F20,NWOA-PS,98,31.078936449665456
F20,NWOA-PS,99,31.040810720177678
F20,NWOA-PS,100,30.92704812128804
F20,NWOA-PS,101,30.80241917231998
F20,NWOA-PS,102,30.626302422943514
F20,NWOA-PS,103,30.716276889134086
F20,NWOA-PS,104,30.551278658868448
F20,NWOA-PS,105,30.55003010494844
F20,NWOA-PS,106,30.234711895532648
F20,NWOA-PS,107,30.17286724186364
F20,NWOA-PS,108,29.772518934877098
F20,NWOA-PS,109,29.78932794849799
F20,NWOA-PS,110,29.76225830214464
F20,NWOA-PS,111,29.65817214126657
F20,NWOA-PS,112,29.534508953844476
F20,NWOA-PS,113,29.521400774133575
F20,NWOA-PS,114,29.55217456095611
F20,NWOA-PS,115,29.532143896355006
F20,NWOA-PS,116,29.559467341159255
F20,NWOA-PS,117,29.46320794735658
F20,NWOA-PS,118,29.459702154722653
F20,NWOA-PS,119,29.469288988542125
F20,NWOA-PS,120,29.364952344295688
F20,NWOA-PS,121,29.33472633380664
F20,NWOA-PS,122,29.165550412239934
F20,NWOA-PS,123,29.044637549692304
F20,NWOA-PS,124,29.069715552035916
F20,NWOA-PS,125,29.170133964859424
F20,NWOA-PS,126,29.120259442794854
F20,NWOA-PS,127,28.994130755832753
F20,NWOA-PS,128,28.977690836344358
F20,NWOA-PS,129,28.955580931549093
F20,NWOA-PS,130,28.996358037017433
F20,NWOA-PS,131,28.955149251268324
F20,NWOA-PS,132,28.955065180104395
F20,NWOA-PS,133,28.960584184801395
F20,NWOA-PS,134,28.941745682122548
F20,NWOA-PS,135,28.949374581829762
F20,NWOA-PS,136,28.986176935772438
F20,NWOA-PS,137,29.007418575365637
F20,NWOA-PS,138,28.93367767838298
F20,NWOA-PS,139,28.932692982702157
F20,NWOA-PS,140,28.70430567933734
F20,NWOA-PS,141,28.690477009156133
F20,NWOA-PS,142,28.499218812305987
F20,NWOA-PS,143,28.395968396874984
F20,NWOA-PS,144,28.44797680301957
F20,NWOA-PS,145,28.486230717683203
F20,NWOA-PS,146,28.4242933756364
F20,NWOA-PS,147,28.49403653207721
F20,NWOA-PS,148,28.38752250851844
F20,NWOA-PS,149,28.14086134810835
F20,NWOA-PS,150,28.092039269142372
F20,NWOA-SA,0,442.17311504444916
F20,NWOA-SA,1,370.2469495178387
F20,NWOA-SA,2,312.49768743773694
F20,NWOA-SA,3,238.8652735687202
F20,NWOA-SA,4,190.77997975159286
F20,NWOA-SA,5,158.5667608181848
F20,NWOA-SA,6,139.33121299030947
F20,NWOA-SA,7,130.36486027658944
F20,NWOA-SA,8,120.90457721021099
F20,NWOA-SA,9,120.5703836940329
F20,NWOA-SA,10,119.99474949955557
F20,NWOA-SA,11,121.77794000369381
F20,NWOA-SA,12,113.70327531510245
F20,NWOA-SA,13,108.76222749372012
F20,NWOA-SA,14,103.94712563028854
F20,NWOA-SA,15,99.97961706976112
F20,NWOA-SA,16,96.15660113073726
F20,NWOA-SA,17,92.08681438496474
F20,NWOA-SA,18,86.88140528531073
F20,NWOA-SA,19,83.67305461077237
F20,NWOA-SA,20,86.54104852643789
F20,NWOA-SA,21,85.26012076164841
F20,NWOA-SA,22,84.23281557603381
F20,NWOA-SA,23,80.52188353720464
F20,NWOA-SA,24,78.05016233643482
F20,NWOA-SA,25,73.34323933379736
F20,NWOA-SA,26,69.77201567584584
F20,NWOA-SA,27,66.09946787731403
F20,NWOA-SA,28,65.36942492072676
F20,NWOA-SA,29,64.80057052764911
F20,NWOA-SA,30,63.266657433297816
F20,NWOA-SA,31,61.98638956783553
F20,NWOA-SA,32,58.94410854639354
F20,NWOA-SA,33,56.46906401295147
F20,NWOA-SA,34,55.40049494131888
F20,NWOA-SA,35,53.99077629020998
F20,NWOA-SA,36,53.374088020585205
F20,NWOA-SA,37,53.22869135894829
F20,NWOA-SA,38,52.468020673269585
F20,NWOA-SA,39,52.381159044922036
F20,NWOA-SA,40,51.82220479151456
F20,NWOA-SA,41,51.59521585675943
F20,NWOA-SA,42,51.433729884526336
F20,NWOA-SA,43,49.944346741897974
F20,NWOA-SA,44,49.717555950356804
F20,NWOA-SA,45,49.16828753130331
F20,NWOA-SA,46,48.8960131440485
F20,NWOA-SA,47,48.679077282895946
F20,NWOA-SA,48,48.64295952597447
F20,NWOA-SA,49,48.53815057725251
F20,NWOA-SA,50,48.01692690952599
F20,NWOA-SA,51,46.75029158168664
F20,NWOA-SA,52,46.151363817915346
F20,NWOA-SA,53,46.02482985480289
F20,NWOA-SA,54,46.361901973092145
F20,NWOA-SA,55,44.73935680504248
F20,NWOA-SA,56,43.88935824369684
F20,NWOA-SA,57,43.125923306922274
F20,NWOA-SA,58,42.569792440657054
F20,NWOA-SA,59,42.04586806031598
F20,NWOA-SA,60,41.37456722897343
F20,NWOA-SA,61,40.811196018756206
F20,NWOA-SA,62,40.23156780041835
F20,NWOA-SA,63,39.83036355143381
F20,NWOA-SA,64,38.97820471248139
F20,NWOA-SA,65,39.154025799572715
F20,NWOA-SA,66,38.97741329747004
F20,NWOA-SA,67,38.25966675881094
F20,NWOA-SA,68,38.18608860355606
F20,NWOA-SA,69,38.14371553779931
F20,NWOA-SA,70,37.518320836105076
F20,NWOA-SA,71,37.166048177819
F20,NWOA-SA,72,37.08653983275684
F20,NWOA-SA,73,36.62598391168104
F20,NWOA-SA,74,36.26219045244504
F20,NWOA-SA,75,36.15833501478044
F20,NWOA-SA,76,36.01394048429443
F20,NWOA-SA,77,35.08557392916424
F20,NWOA-SA,78,35.119906132604875
F20,NWOA-SA,79,35.17606229192554
F20,NWOA-SA,80,35.15744154981583
F20,NWOA-SA,81,35.2153005988257
F20,NWOA-SA,82,34.893546888747196
F20,NWOA-SA,83,34.673379791287104
F20,NWOA-SA,84,34.305193521407475
F20,NWOA-SA,85,34.153613093661576
F20,NWOA-SA,86,34.07231542600785
F20,NWOA-SA,87,33.5282861287542
F20,NWOA-SA,88,32.90571743122602
F20,NWOA-SA,89,33.14034636098945
F20,NWOA-SA,90,32.985777822741355
F20,NWOA-SA,91,32.76184849911194
F20,NWOA-SA,92,32.5897983426579
F20,NWOA-SA,93,32.35990848858904
F20,NWOA-SA,94,32.33362921163912
F20,NWOA-SA,95,32.30230226760598
F20,NWOA-SA,96,32.13043845209944
F20,NWOA-SA,97,32.00360717532186
F20,NWOA-SA,98,31.838019163393245
F20,NWOA-SA,99,31.616742524331848
F20,NWOA-SA,100,31.23406948344653
F20,NWOA-SA,101,31.183525026384206
F20,NWOA-SA,102,31.083082578845943
F20,NWOA-SA,103,31.193886680940864
F20,NWOA-SA,104,31.04938587367467
F20,NWOA-SA,105,30.99065462429953
F20,NWOA-SA,106,30.91517272310487
F20,NWOA-SA,107,30.64488187728913
F20,NWOA-SA,108,30.452382873587975
F20,NWOA-SA,109,30.40999552569621
F20,NWOA-SA,110,30.19857696240975
F20,NWOA-SA,111,30.17627224950717
F20,NWOA-SA,112,30.036887875226178
F20,NWOA-SA,113,29.94002460300839
F20,NWOA-SA,114,29.892489841303764
F20,NWOA-SA,115,29.75672125567446
F20,NWOA-SA,116,29.668647571683476
F20,NWOA-SA,117,29.66712593736465
F20,NWOA-SA,118,29.64125450597249
F20,NWOA-SA,119,29.568025503420795
F20,NWOA-SA,120,29.642615255310442
F20,NWOA-SA,121,29.723098039027185
F20,NWOA-SA,122,29.759062466528196
F20,NWOA-SA,123,29.911800801749262
F20,NWOA-SA,124,29.85908200990462
F20,NWOA-SA,125,29.74040655074655
F20,NWOA-SA,126,29.734907842016515
F20,NWOA-SA,127,29.605129992721317
F20,NWOA-SA,128,29.780463853208165
F20,NWOA-SA,129,29.664954118734606
F20,NWOA-SA,130,29.532944099735328
F20,NWOA-SA,131,29.599673403918718
F20,NWOA-SA,132,29.66717521022059
F20,NWOA-SA,133,29.557778397343093
F20,NWOA-SA,134,29.609218130444134
F20,NWOA-SA,135,29.713500886126873
F20,NWOA-SA,136,29.604619465463436
F20,NWOA-SA,137,29.43613919358598
F20,NWOA-SA,138,29.44396983445457
F20,NWOA-SA,139,29.52802556156354
F20,NWOA-SA,140,29.644268562963124
F20,NWOA-SA,141,29.618124081331963
F20,NWOA-SA,142,29.58886360161439
F20,NWOA-SA,143,29.501631927022594
F20,NWOA-SA,144,29.538419532429707
F20,NWOA-SA,145,29.385625129060156
F20,NWOA-SA,146,29.23880271386464
F20,NWOA-SA,147,29.24699806154164
F20,NWOA-SA,148,29.18248701194426
F20,NWOA-SA,149,29.021513689054196
F20,NWOA-SA,150,28.99420844829021
